mode,mach,altitude_ft,throttle,shaft_power_fraction,thrust_lbf,fuel_flow_lbm_s,fan1_speed_rpm,fan2_speed_rpm,fan1_shaft_power_hp,fan2_shaft_power_hp,fan_speed_delta_rpm,fan_speed_delta_fraction,fan_power_delta_hp,fan_power_delta_fraction,fan1_power_fraction,fan1_area_in2,fan2_area_in2,inlet_area_in2,nozzle_throat_area_in2,pycycle_point_name,pycycle_converged,pycycle_residual_norm,pycycle_solver_iterations,pycycle_solver_atol,pycycle_solver_rtol,pycycle_status,required_thrust_lbf,drag_lbf,required_thrust_to_weight,dynamic_pressure_lbf_ft2,velocity_ft_s,speed_of_sound_ft_s,lift_coefficient,parasite_cd0,wave_cd0,zero_lift_drag_coefficient,lift_dependent_k,induced_drag_coefficient,total_drag_coefficient,density_slug_ft3,temperature_R,pressure_psf,is_stall_limited,fan1_motor_terminal_hp,fan2_motor_terminal_hp,fan1_generator_electric_hp,fan2_generator_electric_hp,fan1_generator_shaft_hp,fan2_generator_shaft_hp,per_engine_motor_terminal_hp,per_engine_generator_electric_hp,per_engine_generator_shaft_hp,aircraft_motor_terminal_hp,aircraft_generator_electric_hp,aircraft_generator_shaft_hp,generator_shaft_power_hp,fan1_motor_efficiency,fan2_motor_efficiency,fan1_generator_efficiency,fan2_generator_efficiency,distribution_efficiency,inverter_efficiency,cable_efficiency,per_turbine_shaft_power_hp,per_turbine_shaft_power_kw,turboshaft_required_throttle,turboshaft_power_available_hp,turboshaft_fuel_flow_lb_hr_per_turbine,aircraft_turboshaft_fuel_flow_lb_hr,aircraft_turboshaft_fuel_flow_lbm_s,generator_turbine_freestream_mach,generator_turbine_deck_mach,generator_turbine_engine_face_mach,generator_turbine_pressure_recovery,generator_turbine_freestream_total_temperature_R,generator_turbine_freestream_total_pressure_psf,generator_turbine_total_temperature_R,generator_turbine_total_pressure_psf,generator_turbine_static_temperature_R,generator_turbine_static_pressure_psf,generator_turbine_density_slug_ft3,generator_turbine_velocity_ft_s,generator_turbine_corrected_airflow_lbm_s_per_turbine,generator_turbine_airflow_lbm_s_per_turbine,generator_turbine_engine_face_area_in2_per_turbine,aircraft_generator_turbine_engine_face_area_in2,turboshaft_status
fan,0.175,750.0,0.35,0.35,734.440766050756,0.0,3618.787898915322,3415.825695431853,502.6254968290873,197.9600348469173,202.96220348346878,0.05608568646543327,304.66546198217003,0.6061480444271382,0.7174363073508823,209.22887100936637,183.5491883032816,180.00000000786252,118.00000019420015,OD_mode1,True,,50,1e-06,1e-06,ok,16194.062060348091,16194.062060348091,0.6095642545117972,44.1500090931576,194.88890477724817,1113.6508844414182,1.5399128115769,0.022031140779668626,0.0,0.022031140779668626,0.3865527349839613,0.91664466422237,0.9386758050020386,0.0023248051669976346,516.0720376635943,2059.47564282951,False,525.603851327,209.958362225,547.332970246,218.638302848,575.088674006,242.511686794,735.562213552,765.971273094,817.6003608,1471.1244271,1531.94254619,1635.2007216,817.6003608,0.956281989867,0.942853777049,0.951736653816,0.901557800115,0.9603,0.97,0.99,817.6003608,609.684484054,,,,,,0.175,0.35,0.35,0.98,519.155851702,2103.97610661,519.155851702,2061.89658447,506.740704444,1894.41450201,0.00217782330351,386.24088783,81.139594471,79.0198640473,420.44788292,840.895765841,"Required power 622.127 kW is outside available range [716.678, 7168.142] kW at M=0.35, h=750.0 ft."
fan,0.175,750.0,0.5,0.5,1023.4368798318993,0.0,4075.6522009283526,3847.0664494449315,762.3346398379797,308.5642524543751,228.58575148342106,0.056085686465433375,453.7703873836046,0.5952377914770411,0.7118642528484965,209.22887100936637,183.5491883032816,190.67995818757814,118.00001445320326,OD_mode1,True,,6,1e-06,1e-06,ok,16194.062060348091,16194.062060348091,0.6095642545117972,44.1500090931576,194.88890477724817,1113.6508844414182,1.5399128115769,0.022031140779668626,0.0,0.022031140779668626,0.3865527349839613,0.91664466422237,0.9386758050020386,0.0023248051669976346,516.0720376635943,2059.47564282951,False,797.277434124,324.179908969,830.237877875,337.581910829,863.928028417,362.491688321,1121.45734309,1167.8197887,1226.41971674,2242.91468619,2335.63957741,2452.83943348,1226.41971674,0.956172352571,0.951830276698,0.961003521782,0.931281796813,0.9603,0.97,0.99,1226.41971674,914.541025278,21.0042201238,1251.44868985,1810.89638253,3621.79276507,1.00605354585,0.175,0.35,0.35,0.98,519.155851702,2103.97610661,519.155851702,2061.89658447,506.740704444,1894.41450201,0.00217782330351,386.24088783,81.139594471,79.0198640473,420.44788292,840.895765841,ok
fan,0.175,750.0,0.7,0.7,1412.0169139574539,0.0,4559.387048948254,4303.670696446386,1124.1528781935647,488.3757297663444,255.71635250186864,0.05608568646543323,635.7771484272203,0.5655611089559899,0.6971367035874092,209.22887100936637,183.5491883032816,219.7383817626452,118.00000000066493,OD_mode1,True,,6,1e-06,1e-06,ok,16194.062060348091,16194.062060348091,0.6095642545117972,44.1500090931576,194.88890477724817,1113.6508844414182,1.5399128115769,0.022031140779668626,0.0,0.022031140779668626,0.3865527349839613,0.91664466422237,0.9386758050020386,0.0023248051669976346,516.0720376635943,2059.47564282951,False,1178.01799486,510.165396097,1226.71872838,531.256270017,1272.88567367,558.747432547,1688.18339096,1757.9749984,1831.63310622,3376.36678192,3515.9499968,3663.26621243,1831.63310622,0.954274792995,0.957289015488,0.963730485586,0.950798588185,0.9603,0.97,0.99,1831.63310622,1365.84857209,23.1443778605,1869.01337264,2112.70658945,4225.41317889,1.17372588303,0.175,0.35,0.35,0.98,519.155851702,2103.97610661,519.155851702,2061.89658447,506.740704444,1894.41450201,0.00217782330351,386.24088783,81.139594471,79.0198640473,420.44788292,840.895765841,ok
fan,0.175,750.0,0.85,0.85,1721.919125496062,0.0,4864.222397949646,4591.409145640104,1408.39749136818,665.3450251518007,272.8132523095419,0.056085686465433285,743.0524662163795,0.5275871838528662,0.6791573592905163,209.22887100936637,183.5491883032816,240.34214069002334,118.00000457809396,OD_mode1,True,,6,1e-06,1e-06,ok,16194.062060348091,16194.062060348091,0.6095642545117972,44.1500090931576,194.88890477724817,1113.6508844414182,1.5399128115769,0.022031140779668626,0.0,0.022031140779668626,0.3865527349839613,0.91664466422237,0.9386758050020386,0.0023248051669976346,516.0720376635943,2059.47564282951,False,1478.74967875,693.806540242,1539.88303525,722.489368158,1599.44213092,753.632234152,2172.55621899,2262.37240341,2353.07436507,4345.11243799,4524.74480682,4706.14873014,2353.07436507,0.952424545956,0.958977735955,0.962762581705,0.958676308439,0.9603,0.97,0.99,2353.07436507,1754.68725186,24.9928111734,2401.09628954,2360.79412695,4721.58825389,1.31155229275,0.175,0.35,0.35,0.98,519.155851702,2103.97610661,519.155851702,2061.89658447,506.740704444,1894.41450201,0.00217782330351,386.24088783,81.139594471,79.0198640473,420.44788292,840.895765841,ok
fan,0.175,750.0,1.0,1.0,1949.692669171524,0.0,5135.0,4847.0,1587.6881302575246,864.2942801922176,288.0,0.0560856864654333,723.393850065307,0.45562717027302574,0.6475120390306189,209.22887100936637,183.5491883032816,254.16431880777802,117.99999999999847,OD_mode1,True,,6,1e-06,1e-06,ok,16194.062060348091,16194.062060348091,0.6095642545117972,44.1500090931576,194.88890477724817,1113.6508844414182,1.5399128115769,0.022031140779668626,0.0,0.022031140779668626,0.3865527349839613,0.91664466422237,0.9386758050020386,0.0023248051669976346,516.0720376635943,2059.47564282951,False,1667.23317783,901.104716061,1736.15867732,938.357509176,1805.7480055,974.962893425,2568.33789389,2674.51618649,2780.71089892,5136.67578777,5349.03237298,5561.42179785,2780.71089892,0.952289188683,0.959149657955,0.961462325878,0.96245458725,0.9603,0.97,0.99,2780.71089892,2073.57576023,26.5083223776,2837.46009935,2558.28552716,5116.57105432,1.42126973731,0.175,0.35,0.35,0.98,519.155851702,2103.97610661,519.155851702,2061.89658447,506.740704444,1894.41450201,0.00217782330351,386.24088783,81.139594471,79.0198640473,420.44788292,840.895765841,ok
fan,0.35,1500.0,0.35,0.35,555.3853561629852,0.0,3618.787898915322,3415.825695431853,512.2616812345901,179.69641538737554,202.96220348346878,0.05608568646543327,332.56526584721456,0.6492097262588657,0.740307373720134,209.22887100936637,183.5491883032816,180.000000007289,118.00000001135443,OD_mode1,True,,50,1e-06,1e-06,ok,3664.6037996463056,3664.6037996463056,0.13794015824368674,171.84085066959233,388.79882393480796,1110.8537826708798,0.39564029373034587,0.019822492934030253,0.0,0.019822492934030253,0.22201441285183438,0.03475219179071236,0.05457468472474261,0.002273560543104714,513.4829080914114,2003.97493492236,False,535.719959498,191.314843897,557.867290948,199.224038214,585.80054199,222.967532307,727.034803394,757.091329162,808.768074297,1454.06960679,1514.18265832,1617.53614859,808.768074297,0.956211677674,0.939270637485,0.952316105843,0.893511428109,0.9603,0.97,0.99,808.768074297,603.098249143,,,,,,0.35,0.35,0.35,0.98,525.89711862,2181.1646078,525.89711862,2137.54131564,513.32076,1963.91482361,0.00222878020243,388.740479118,81.139594471,81.3921269776,420.44788292,840.895765841,"Required power 615.406 kW is outside available range [660.380, 6605.387] kW at M=0.35, h=1500.0 ft."
fan,0.35,1500.0,0.5,0.5,808.7528436734451,0.0,4075.6522009283526,3847.0664494449315,776.4773091431205,292.15166360821644,228.58575148342106,0.056085686465433375,484.325645534904,0.623747326331249,0.7266107591524208,209.22887100936637,183.5491883032816,190.4486527715515,118.00000039333908,OD_mode1,True,,7,1e-06,1e-06,ok,3664.6037996463056,3664.6037996463056,0.13794015824368674,171.84085066959233,388.79882393480796,1110.8537826708798,0.39564029373034587,0.019822492934030253,0.0,0.019822492934030253,0.22201441285183438,0.03475219179071236,0.05457468472474261,0.002273560543104714,513.4829080914114,2003.97493492236,False,812.262076789,307.339203098,845.842004362,320.044989168,879.930591159,344.775869682,1119.60127989,1165.88699353,1224.70646084,2239.20255977,2331.77398706,2449.41292168,1224.70646084,0.955944308287,0.950583787111,0.961259913975,0.928269688545,0.9603,0.97,0.99,1224.70646084,913.263450576,21.3665978215,1249.70046955,1808.75374421,3617.50748842,1.00486319123,0.35,0.35,0.35,0.98,525.89711862,2181.1646078,525.89711862,2137.54131564,513.32076,1963.91482361,0.00222878020243,388.740479118,81.139594471,81.3921269776,420.44788292,840.895765841,ok
fan,0.35,1500.0,0.7,0.7,1164.1865274318886,0.0,4559.387048948254,4303.670696446386,1145.5584676216495,479.1118352577397,255.71635250186864,0.05608568646543323,666.4466323639099,0.5817657074697834,0.7051021155439268,209.22887100936637,183.5491883032816,218.13015490130726,118.00000728432298,OD_mode1,True,,6,1e-06,1e-06,ok,3664.6037996463056,3664.6037996463056,0.13794015824368674,171.84085066959233,388.79882393480796,1110.8537826708798,0.39564029373034587,0.019822492934030253,0.0,0.019822492934030253,0.22201441285183438,0.03475219179071236,0.05457468472474261,0.002273560543104714,513.4829080914114,2003.97493492236,False,1200.92555182,500.590518643,1250.57331232,521.285555184,1297.649108,548.61654223,1701.51607046,1771.8588675,1846.26565023,3403.03214093,3543.71773501,3692.53130046,1846.26565023,0.953896322619,0.957093307633,0.963722245567,0.950181985153,0.9603,0.97,0.99,1846.26565023,1376.76005828,23.7538109637,1883.94454,2117.11010522,4234.22021045,1.17617228068,0.35,0.35,0.35,0.98,525.89711862,2181.1646078,525.89711862,2137.54131564,513.32076,1963.91482361,0.00222878020243,388.740479118,81.139594471,81.3921269776,420.44788292,840.895765841,ok
fan,0.35,1500.0,0.85,0.85,1456.7989100901873,0.0,4864.222397949646,4591.409145640104,1437.3788276552916,665.9406774770092,272.8132523095419,0.056085686465433285,771.4381501782825,0.5366978665162909,0.6833858689314437,209.22887100936637,183.5491883032816,238.30071972672798,118.0000043121619,OD_mode1,True,,6,1e-06,1e-06,ok,3664.6037996463056,3664.6037996463056,0.13794015824368674,171.84085066959233,388.79882393480796,1110.8537826708798,0.39564029373034587,0.019822492934030253,0.0,0.019822492934030253,0.22201441285183438,0.03475219179071236,0.05457468472474261,0.002273560543104714,513.4829080914114,2003.97493492236,False,1509.97111793,694.426366525,1572.39520768,723.134818833,1633.52766967,754.291886939,2204.39748446,2295.53002651,2387.81955661,4408.79496892,4591.06005302,4775.63911321,2387.81955661,0.951924716032,0.958979539918,0.962576414759,0.958693618948,0.9603,0.97,0.99,2387.81955661,1780.59673672,25.8381141684,2436.5505666,2374.22978533,4748.45957066,1.3190165474,0.35,0.35,0.35,0.98,525.89711862,2181.1646078,525.89711862,2137.54131564,513.32076,1963.91482361,0.00222878020243,388.740479118,81.139594471,81.3921269776,420.44788292,840.895765841,ok
fan,0.35,1500.0,1.0,1.0,1683.5385867743023,0.0,5135.0,4847.0,1638.0125244644921,875.1632602026921,288.0,0.0560856864654333,762.8492642618,0.4657163805943394,0.6517699774357054,209.22887100936637,183.5491883032816,252.7117466431837,117.99999999995467,OD_mode1,True,,5,1e-06,1e-06,ok,3664.6037996463056,3664.6037996463056,0.13794015824368674,171.84085066959233,388.79882393480796,1110.8537826708798,0.39564029373034587,0.019822492934030253,0.0,0.019822492934030253,0.22201441285183438,0.03475219179071236,0.05457468472474261,0.002273560543104714,513.4829080914114,2003.97493492236,False,1721.5139463,912.490864767,1792.68348047,950.214375474,1865.39947104,987.161498894,2634.00481107,2742.89785595,2852.56096993,5268.00962213,5485.7957119,5705.12193987,2852.56096993,0.951495355577,0.959092626561,0.961018542305,0.962572361805,0.9603,0.97,0.99,2852.56096993,2127.15434896,27.6226721473,2910.7764983,2589.49295601,5178.98591203,1.43860719779,0.35,0.35,0.35,0.98,525.89711862,2181.1646078,525.89711862,2137.54131564,513.32076,1963.91482361,0.00222878020243,388.740479118,81.139594471,81.3921269776,420.44788292,840.895765841,ok
fan,0.64,18250.0,0.35,0.35,989.1994363755578,0.0,3618.787898915322,3415.825695431853,1528.8097178145545,816.9099573019573,202.96220348346878,0.05608568646543327,711.899760512597,0.46565622406578067,0.6517444236974388,209.22887100936637,183.5491883032816,252.7117466431837,180.42860264527852,OD_mode1,True,,0,1e-06,1e-06,ok,3171.491405940814,3171.491405940814,0.11937880609254185,299.8150738373835,667.6368576862085,1043.1825901347006,0.2267636638932488,0.01900336419521624,0.0,0.01900336419521624,0.15688711123982116,0.008067411265530244,0.027070775460746484,0.0013452495335753566,452.82756577304497,1045.6719930154281,False,1654.08855823,863.506218863,1722.47064275,899.204643198,1791.31892484,934.712571839,2517.5947771,2621.67528595,2726.03149668,5035.18955419,5243.35057189,5452.06299336,2726.03149668,0.924261104525,0.94603830228,0.96156559218,0.962011927826,0.9603,0.97,0.99,2726.03149668,2032.80133701,22.4185799788,2781.66479097,2900.94134361,5801.88268722,1.61163407978,0.64,0.35,0.35,0.98,490.745474554,1377.82289083,490.745474554,1350.26643301,479.009736021,1240.58807389,0.00150874791512,375.523847249,81.139594471,53.224255523,420.44788292,840.895765841,ok
fan,0.64,18250.0,0.5,0.5,395.93819437077104,0.0,4075.6522009283526,3847.0664494449315,532.3129591088269,184.9890361206605,228.58575148342106,0.056085686465433375,347.3239229881665,0.6524806827352835,0.7421043892935545,209.22887100936637,183.5491883032816,198.65665422253122,118.00000000013871,OD_mode1,True,,7,1e-06,1e-06,ok,3171.491405940814,3171.491405940814,0.11937880609254185,299.8150738373835,667.6368576862085,1043.1825901347006,0.2267636638932488,0.01900336419521624,0.0,0.01900336419521624,0.15688711123982116,0.008067411265530244,0.027070775460746484,0.0013452495335753566,452.82756577304497,1045.6719930154281,False,555.73444619,197.956304096,578.709201489,206.140064663,607.003550163,229.928571001,753.690750286,784.849266152,836.932121163,1507.38150057,1569.6985323,1673.86424233,836.932121163,0.95785489411,0.934494291383,0.953386848123,0.896539580816,0.9603,0.97,0.99,836.932121163,624.100175275,,,,,,0.64,0.35,0.35,0.98,490.745474554,1377.82289083,490.745474554,1350.26643301,479.009736021,1240.58807389,0.00150874791512,375.523847249,81.139594471,53.224255523,420.44788292,840.895765841,"Required power 636.837 kW is outside available range [1200.931, 12012.164] kW at M=0.35, h=18250.0 ft."
fan,0.64,18250.0,0.7,0.7,629.1389630284554,0.0,4559.387048948254,4303.670696446386,789.2042148852083,343.6613394256702,255.71635250186864,0.05608568646543323,445.5428754595382,0.5645470045092745,0.6966441974354854,209.22887100936637,183.5491883032816,228.5050224648302,117.99999999999248,OD_mode1,True,,6,1e-06,1e-06,ok,3171.491405940814,3171.491405940814,0.11937880609254185,299.8150738373835,667.6368576862085,1043.1825901347006,0.2267636638932488,0.01900336419521624,0.0,0.01900336419521624,0.15688711123982116,0.008067411265530244,0.027070775460746484,0.0013452495335753566,452.82756577304497,1045.6719930154281,False,823.256935395,361.273164108,857.29140414,376.208647411,891.677112992,401.544438595,1184.5300995,1233.50005155,1293.22155159,2369.06019901,2467.0001031,2586.44310317,1293.22155159,0.95863658228,0.95125067004,0.961437039988,0.936904141238,0.9603,0.97,0.99,1293.22155159,964.355144946,,,,,,0.64,0.35,0.35,0.98,490.745474554,1377.82289083,490.745474554,1350.26643301,479.009736021,1240.58807389,0.00150874791512,375.523847249,81.139594471,53.224255523,420.44788292,840.895765841,"Required power 984.036 kW is outside available range [1200.931, 12012.164] kW at M=0.35, h=18250.0 ft."
fan,0.64,18250.0,0.85,0.85,788.7530179621305,0.0,4864.222397949646,4591.409145640104,964.3163172401026,485.2623845101319,272.8132523095419,0.056085686465433285,479.05393272997077,0.49678090494313637,0.6652390215693555,209.22887100936637,183.5491883032816,248.14609312809915,117.99999999999805,OD_mode1,True,,6,1e-06,1e-06,ok,3171.491405940814,3171.491405940814,0.11937880609254185,299.8150738373835,667.6368576862085,1043.1825901347006,0.2267636638932488,0.01900336419521624,0.0,0.01900336419521624,0.15688711123982116,0.008067411265530244,0.027070775460746484,0.0013452495335753566,452.82756577304497,1045.6719930154281,False,1006.04936851,507.407309823,1047.64070447,528.384161015,1087.56191554,555.828878913,1513.45667833,1576.02486549,1643.39079445,3026.91335666,3152.04973098,3286.7815889,1643.39079445,0.958517889308,0.956356708143,0.963292930275,0.950623799989,0.9603,0.97,0.99,1643.39079445,1225.47630438,20.1371441051,1676.92938115,2524.54051039,5049.08102078,1.40252250577,0.64,0.35,0.35,0.98,490.745474554,1377.82289083,490.745474554,1350.26643301,479.009736021,1240.58807389,0.00150874791512,375.523847249,81.139594471,53.224255523,420.44788292,840.895765841,ok
fan,0.64,18250.0,1.0,1.0,876.1852101501626,0.0,5135.0,4847.0,1038.1950396688594,614.1108565672934,288.0,0.0560856864654333,424.0841831015661,0.4084821896633518,0.6283310142715107,209.22887100936637,183.5491883032816,258.2071139213665,118.00000000003232,OD_mode1,True,,5,1e-06,1e-06,ok,3171.491405940814,3171.491405940814,0.11937880609254185,299.8150738373835,667.6368576862085,1043.1825901347006,0.2267636638932488,0.01900336419521624,0.0,0.01900336419521624,0.15688711123982116,0.008067411265530244,0.027070775460746484,0.0013452495335753566,452.82756577304497,1045.6719930154281,False,1082.57332494,640.803597027,1127.32825673,667.295217148,1169.90345053,697.270519559,1723.37692196,1794.62347388,1867.17397009,3446.75384393,3589.24694775,3734.34794018,1867.17397009,0.959006670269,0.958344896028,0.963607942361,0.957010512319,0.9603,0.97,0.99,1867.17397009,1392.35138972,20.6084002629,1905.27956025,2601.2260646,5202.4521292,1.44512559144,0.64,0.35,0.35,0.98,490.745474554,1377.82289083,490.745474554,1350.26643301,479.009736021,1240.58807389,0.00150874791512,375.523847249,81.139594471,53.224255523,420.44788292,840.895765841,ok
fan,0.93,34999.99999999999,0.35,0.35,127.53645448935909,0.0,3618.787898915322,3415.825695431853,239.93719947989732,65.80357856197897,202.96220348346878,0.05608568646543327,174.13362091791834,0.7257466591065542,0.7847733004952121,209.22887100936637,183.5491883032816,180.81355021524746,117.99999999484555,OD_mode1,True,,8,1e-06,1e-06,ok,3186.953913433967,3186.953913433967,0.11996083374056635,301.40489413923456,908.8392190163017,977.2464720605395,0.22556755366547968,0.01879058852712164,0.00047911714677414784,0.019269705673895788,0.1530946483210333,0.007789566128635096,0.027059271802530885,0.0007298038921453831,397.3931879592512,497.836073764489,False,253.343101013,75.8819665785,263.816620861,79.0190217416,288.034841816,102.201840766,329.225067591,342.835642603,390.236682582,658.450135183,685.671285205,780.473365164,390.236682582,0.947084007895,0.867183357641,0.915919126997,0.773166326063,0.9603,0.97,0.99,390.236682582,290.999444088,,,,,,0.93,0.35,0.35,0.98,461.983334112,870.378771864,461.983334112,852.971196427,450.93541641,783.686736026,0.00101242199586,364.353146462,81.139594471,34.6528921746,420.44788292,840.895765841,"Required power 296.938 kW is outside available range [859.744, 8595.709] kW at M=0.35, h=34999.99999999999 ft."
fan,0.93,34999.99999999999,0.5,0.5,223.80355355497224,0.0,4075.6522009283526,3847.0664494449315,362.30291733162613,133.00068406978065,228.58575148342106,0.056085686465433375,229.30223326184546,0.632901978683099,0.7314764445615377,209.22887100936637,183.5491883032816,205.62218791347462,117.9999999999805,OD_mode1,True,,6,1e-06,1e-06,ok,3186.953913433967,3186.953913433967,0.11996083374056635,301.40489413923456,908.8392190163017,977.2464720605395,0.22556755366547968,0.01879058852712164,0.00047911714677414784,0.019269705673895788,0.1530946483210333,0.007789566128635096,0.027059271802530885,0.0007298038921453831,397.3931879592512,497.836073764489,False,379.84013445,145.250099239,395.543199468,151.254919545,421.108785453,174.724483601,525.090233688,546.798119013,595.833269054,1050.18046738,1093.59623803,1191.66653811,595.833269054,0.953830004975,0.915666734597,0.939289829926,0.8656767296,0.9603,0.97,0.99,595.833269054,444.312792218,,,,,,0.93,0.35,0.35,0.98,461.983334112,870.378771864,461.983334112,852.971196427,450.93541641,783.686736026,0.00101242199586,364.353146462,81.139594471,34.6528921746,420.44788292,840.895765841,"Required power 453.380 kW is outside available range [859.744, 8595.709] kW at M=0.35, h=34999.99999999999 ft."
fan,0.93,34999.99999999999,0.7,0.7,356.1177684836665,0.0,4559.387048948254,4303.670696446386,537.7302813405728,248.7870138354072,255.71635250186864,0.05608568646543323,288.9432675051656,0.5373386575604855,0.6836852598648296,209.22887100936637,183.5491883032816,238.20120365850684,117.99999999999801,OD_mode1,True,,6,1e-06,1e-06,ok,3186.953913433967,3186.953913433967,0.11996083374056635,301.40489413923456,908.8392190163017,977.2464720605395,0.22556755366547968,0.01879058852712164,0.00047911714677414784,0.019269705673895788,0.1530946483210333,0.007789566128635096,0.027059271802530885,0.0007298038921453831,397.3931879592512,497.836073764489,False,561.467147937,264.448559365,584.678900278,275.381192716,613.079084549,299.697278528,825.915707302,860.060092994,912.776363077,1651.8314146,1720.12018599,1825.55272615,912.776363077,0.957723498724,0.940776589719,0.953676148824,0.918864509109,0.9603,0.97,0.99,912.776363077,680.65721673,,,,,,0.93,0.35,0.35,0.98,461.983334112,870.378771864,461.983334112,852.971196427,450.93541641,783.686736026,0.00101242199586,364.353146462,81.139594471,34.6528921746,420.44788292,840.895765841,"Required power 694.548 kW is outside available range [859.744, 8595.709] kW at M=0.35, h=34999.99999999999 ft."
fan,0.93,34999.99999999999,0.85,0.85,428.74074743830306,0.0,4864.222397949646,4591.409145640104,624.2670291611878,343.42619986686657,272.8132523095419,0.056085686465433285,280.84082929432117,0.44987291683765535,0.6451083984417232,209.22887100936637,183.5491883032816,255.00274710586373,118.0000050567419,OD_mode1,True,,5,1e-06,1e-06,ok,3186.953913433967,3186.953913433967,0.11996083374056635,301.40489413923456,908.8392190163017,977.2464720605395,0.22556755366547968,0.01879058852712164,0.00047911714677414784,0.019269705673895788,0.1530946483210333,0.007789566128635096,0.027059271802530885,0.0007298038921453831,397.3931879592512,497.836073764489,False,651.327696745,361.987999406,678.254396277,376.953034891,708.454160005,402.297468607,1013.31569615,1055.20743117,1110.75162861,2026.6313923,2110.41486234,2221.50325722,1110.75162861,0.958453067912,0.948722610778,0.957372310825,0.937000762636,0.9603,0.97,0.99,1110.75162861,828.287346815,,,,,,0.93,0.35,0.35,0.98,461.983334112,870.378771864,461.983334112,852.971196427,450.93541641,783.686736026,0.00101242199586,364.353146462,81.139594471,34.6528921746,420.44788292,840.895765841,"Required power 845.191 kW is outside available range [859.744, 8595.709] kW at M=0.35, h=34999.99999999999 ft."
fan,0.93,34999.99999999999,1.0,1.0,458.8228586278628,0.0,5135.0,4847.0,654.7365108719812,407.3508210725642,288.0,0.0560856864654333,247.385689799417,0.37784007106911993,0.6164620282903128,209.22887100936637,183.5491883032816,260.93574846242694,118.0000000002344,OD_mode1,True,,5,1e-06,1e-06,ok,3186.953913433967,3186.953913433967,0.11996083374056635,301.40489413923456,908.8392190163017,977.2464720605395,0.22556755366547968,0.01879058852712164,0.00047911714677414784,0.019269705673895788,0.1530946483210333,0.007789566128635096,0.027059271802530885,0.0007298038921453831,397.3931879592512,497.836073764489,False,683.293117799,428.266349825,711.541307716,445.971415001,742.445212958,472.188482896,1111.55946762,1157.51272272,1214.63369585,2223.11893525,2315.02544543,2429.26739171,1214.63369585,0.958207383942,0.951162334465,0.958375507441,0.944477536313,0.9603,0.97,0.99,1214.63369585,905.752191017,20.2496506393,1239.42213793,2414.98631765,4829.97263529,1.34165906536,0.93,0.35,0.35,0.98,461.983334112,870.378771864,461.983334112,852.971196427,450.93541641,783.686736026,0.00101242199586,364.353146462,81.139594471,34.6528921746,420.44788292,840.895765841,ok
fan_ab,1.315,39000.0,0.35,0.35,2096.4012900965336,1.109221000113848,4228.379239238935,4228.379239238935,472.3077428127454,304.16788138577874,0.0,0.0,168.1398614269667,0.3559964112077423,0.6082711782488472,209.22887100936637,183.5491883032816,180.00000001545095,246.00070147117643,OD_mode2,True,,50,1e-06,1e-06,ok,9069.567670717533,9069.567670717533,0.34138959300903127,497.613652666584,1276.911686654388,971.0355031592303,0.13662640538390422,0.017128599545287965,0.026962659236809402,0.04409125878209737,0.13669068140042331,0.002551574146200617,0.04664283292829798,0.0006103803705862923,392.3579110040815,411.09551774150185,False,493.482402142,320.649802861,513.883580279,333.905865731,541.097582815,358.777393194,814.132205003,847.78944601,899.874976009,1628.26441001,1695.57889202,1799.74995202,899.874976009,0.957091358806,0.948598373276,0.949705924772,0.930676993771,0.9603,0.97,0.99,899.874976009,671.03665405,,,,,,1.315,0.35,0.35,0.964231858411,524.83917465,1162.22851901,524.83917465,1120.65776478,512.288115813,1029.62987445,0.00117084734557,388.349268865,81.139594471,42.7147784738,420.44788292,840.895765841,"Required power 695.929 kW is outside available range [718.345, 7182.004] kW at M=0.35, h=39000.0 ft."
fan_ab,1.315,39000.0,0.5,0.5,2589.7104902125648,1.2926468841216412,4762.203155904599,4762.203155904599,722.1229037830109,506.7286138387009,0.0,0.0,215.39428994431003,0.298279266335296,0.5876404866070307,209.22887100936637,183.5491883032816,204.84585980123475,246.0006944692915,OD_mode2,True,,6,1e-06,1e-06,ok,9069.567670717533,9069.567670717533,0.34138959300903127,497.613652666584,1276.911686654388,971.0355031592303,0.13662640538390422,0.017128599545287965,0.026962659236809402,0.04409125878209737,0.13669068140042331,0.002551574146200617,0.04664283292829798,0.0006103803705862923,392.3579110040815,411.09551774150185,False,752.795472543,529.900627504,783.916976511,551.80738051,816.468468497,579.638089733,1282.69610005,1335.72435702,1396.10655823,2565.39220009,2671.44871404,2792.21311646,1396.10655823,0.959255109948,0.956271020522,0.960131354434,0.951986058688,0.9603,0.97,0.99,1396.10655823,1041.07648119,21.6741240127,1447.89507344,2018.15884033,4036.31768066,1.12119935574,1.315,0.35,0.35,0.964231858411,524.83917465,1162.22851901,524.83917465,1120.65776478,512.288115813,1029.62987445,0.00117084734557,388.349268865,81.139594471,42.7147784738,420.44788292,840.895765841,ok
fan_ab,1.315,39000.0,0.7,0.7,3108.810464707976,1.4841904525061824,5327.424010455604,5327.424010455604,984.5440531375451,758.7658398327716,0.0,0.0,225.77821330477354,0.22932261140094595,0.5647556163752631,209.22887100936637,183.5491883032816,237.27926580611515,246.00070145005344,OD_mode2,True,,6,1e-06,1e-06,ok,9069.567670717533,9069.567670717533,0.34138959300903127,497.613652666584,1276.911686654388,971.0355031592303,0.13662640538390422,0.017128599545287965,0.026962659236809402,0.04409125878209737,0.13669068140042331,0.002551574146200617,0.04664283292829798,0.0006103803705862923,392.3579110040815,411.09551774150185,False,1025.84796625,791.157289833,1068.25780095,823.864719184,1108.84648867,857.394293309,1817.00525608,1892.12252013,1966.24078198,3634.01051217,3784.24504027,3932.48156395,1966.24078198,0.959736808501,0.959058141262,0.963395575372,0.960893635068,0.9603,0.97,0.99,1966.24078198,1466.22549862,23.7216953857,2039.17840271,2105.82344298,4211.64688597,1.16990191277,1.315,0.35,0.35,0.964231858411,524.83917465,1162.22851901,524.83917465,1120.65776478,512.288115813,1029.62987445,0.00117084734557,388.349268865,81.139594471,42.7147784738,420.44788292,840.895765841,ok
fan_ab,1.315,39000.0,0.85,0.85,3301.5746915139202,1.5539702586804915,5683.6094231154575,5683.6094231154575,1081.084689686374,888.5932695849567,0.0,0.0,192.49142010141748,0.17805396925680245,0.5488636782463232,209.22887100936637,183.5491883032816,249.33669673730614,246.00069930922368,OD_mode2,True,,5,1e-06,1e-06,ok,9069.567670717533,9069.567670717533,0.34138959300903127,497.613652666584,1276.911686654388,971.0355031592303,0.13662640538390422,0.017128599545287965,0.026962659236809402,0.04409125878209737,0.13669068140042331,0.002551574146200617,0.04664283292829798,0.0006103803705862923,392.3579110040815,411.09551774150185,False,1126.19636478,926.162123765,1172.75472746,964.450821373,1216.93260489,1001.81404761,2052.35848855,2137.20554884,2218.7466525,4104.71697709,4274.41109767,4437.493305,2218.7466525,0.959943330926,0.959435985109,0.963697350826,0.962704429702,0.9603,0.97,0.99,2218.7466525,1654.51909384,24.629529406,2301.05096809,2172.94111249,4345.88222499,1.20718950694,1.315,0.35,0.35,0.964231858411,524.83917465,1162.22851901,524.83917465,1120.65776478,512.288115813,1029.62987445,0.00117084734557,388.349268865,81.139594471,42.7147784738,420.44788292,840.895765841,ok
fan_ab,1.315,39000.0,1.0,1.0,3377.359528599203,1.5796122725177273,6000.0,6000.0,1116.2965703705745,989.3596728585509,0.0,0.0,126.93689751202373,0.11371252127907619,0.5301418852009195,209.22887100936637,183.5491883032816,254.09479191048294,246.00065311536437,OD_mode2,True,,5,1e-06,1e-06,ok,9069.567670717533,9069.567670717533,0.34138959300903127,497.613652666584,1276.911686654388,971.0355031592303,0.13662640538390422,0.017128599545287965,0.026962659236809402,0.04409125878209737,0.13669068140042331,0.002551574146200617,0.04664283292829798,0.0006103803705862923,392.3579110040815,411.09551774150185,False,1162.85489245,1031.14656559,1210.92876439,1073.77545099,1256.50410827,1114.54503862,2194.00145804,2284.70421539,2371.04914689,4388.00291607,4569.40843077,4742.09829379,2371.04914689,0.959962053409,0.959475312118,0.963728456135,0.963420421595,0.9603,0.97,0.99,2371.04914689,1768.09104435,25.1772584098,2459.00311723,2219.01976734,4438.03953468,1.23278875963,1.315,0.35,0.35,0.964231858411,524.83917465,1162.22851901,524.83917465,1120.65776478,512.288115813,1029.62987445,0.00117084734557,388.349268865,81.139594471,42.7147784738,420.44788292,840.895765841,ok
fan_ab,1.7,43000.0,0.35,0.35,2654.556832521073,1.4079445374090103,4228.379239238935,4228.379239238935,559.0408049908881,320.04804563260774,0.0,0.0,238.9927593582803,0.4275050358125033,0.6359320842192311,209.22887100936637,183.5491883032816,180.00000001029852,246.0007014833186,OD_mode2,True,,50,1e-06,1e-06,ok,10672.346540236189,10672.346540236189,0.40172014522653954,685.4942350204484,1645.4020932585402,967.8835842697296,0.09917977593460277,0.01562611592778122,0.022799398530793116,0.03842551445857434,0.14405338292485034,0.001416999533409946,0.03984251399198428,0.000506395351777579,389.81490775717083,338.8503386161387,False,583.43073784,336.886268582,607.550492387,350.813567199,636.366098231,375.864319239,920.317006421,958.364059587,1012.23041747,1840.63401284,1916.72811917,2024.46083494,1012.23041747,0.958195666997,0.950018078742,0.954718508853,0.933351609192,0.9603,0.97,0.99,1012.23041747,754.820092319,21.1904738527,1084.15159811,1672.80066004,3345.60132007,0.92933370002,1.7,0.35,0.35,0.933661324368,615.37266,1673.74225195,615.37266,1562.70840761,600.656573939,1435.77398211,0.00139249378765,420.512072604,81.139594471,55.0081609547,420.44788292,840.895765841,ok
fan_ab,1.7,43000.0,0.5,0.5,3122.409353983558,1.5973986883114557,4762.203155904599,4762.203155904599,841.999698918468,538.2726514176408,0.0,0.0,303.72704750082715,0.36072108801340264,0.6100243178191851,209.22887100936637,183.5491883032816,195.56521891606388,246.00069744959671,OD_mode2,True,,6,1e-06,1e-06,ok,10672.346540236189,10672.346540236189,0.40172014522653954,685.4942350204484,1645.4020932585402,967.8835842697296,0.09917977593460277,0.01562611592778122,0.022799398530793116,0.03842551445857434,0.14405338292485034,0.001416999533409946,0.03984251399198428,0.000506395351777579,389.81490775717083,338.8503386161387,False,877.985584649,562.378766233,914.282604029,585.628206012,950.207538014,614.045319203,1440.36435088,1499.91081004,1564.25285722,2880.72870177,2999.82162008,3128.50571443,1564.25285722,0.959013124634,0.957135446316,0.962192539475,0.9537214725,0.9603,0.97,0.99,1564.25285722,1166.46315475,23.6593031789,1675.39643714,1742.93744803,3485.87489606,0.968298582238,1.7,0.35,0.35,0.933661324368,615.37266,1673.74225195,615.37266,1562.70840761,600.656573939,1435.77398211,0.00139249378765,420.512072604,81.139594471,55.0081609547,420.44788292,840.895765841,ok
fan_ab,1.7,43000.0,0.7,0.7,3767.286083553418,1.8559291946861303,5327.424010455604,5327.424010455604,1242.8347836441678,896.894995791501,0.0,0.0,345.9397878526669,0.27834736555917944,0.5808372606619292,209.22887100936637,183.5491883032816,229.8110998997697,246.00069510584112,OD_mode2,True,,6,1e-06,1e-06,ok,10672.346540236189,10672.346540236189,0.40172014522653954,685.4942350204484,1645.4020932585402,967.8835842697296,0.09917977593460277,0.01562611592778122,0.022799398530793116,0.03842551445857434,0.14405338292485034,0.001416999533409946,0.03984251399198428,0.000506395351777579,389.81490775717083,338.8503386161387,False,1297.16568521,934.464872722,1350.79213289,973.096816331,1401.88552604,1010.71582888,2231.63055794,2323.88894922,2412.60135492,4463.26111587,4647.77789844,4825.20270984,2412.60135492,0.958115680834,0.959795303144,0.963553805071,0.9627798324,0.9603,0.97,0.99,2412.60135492,1799.07652054,27.4576821754,2584.02194736,2013.41009145,4026.8201829,1.11856116192,1.7,0.35,0.35,0.933661324368,615.37266,1673.74225195,615.37266,1562.70840761,600.656573939,1435.77398211,0.00139249378765,420.512072604,81.139594471,55.0081609547,420.44788292,840.895765841,ok
fan_ab,1.7,43000.0,0.85,0.85,4019.036655660503,1.9541881107309318,5683.6094231154575,5683.6094231154575,1412.8981533321862,1093.653083518055,0.0,0.0,319.2450698141312,0.225950518132692,0.5636821352623332,209.22887100936637,183.5491883032816,243.2029657679027,246.00070346511907,OD_mode2,True,,5,1e-06,1e-06,ok,10672.346540236189,10672.346540236189,0.40172014522653954,685.4942350204484,1645.4020932585402,967.8835842697296,0.09917977593460277,0.01562611592778122,0.022799398530793116,0.03842551445857434,0.14405338292485034,0.001416999533409946,0.03984251399198428,0.000506395351777579,389.81490775717083,338.8503386161387,False,1474.47304383,1139.3085269,1535.42959891,1186.40896272,1594.77588548,1231.08136758,2613.78157073,2721.83856162,2825.85725307,5227.56314146,5443.67712325,5651.71450613,2825.85725307,0.958239392198,0.959927058999,0.962787068002,0.963712873868,0.9603,0.97,0.99,2825.85725307,2107.24139072,29.3044070841,3026.64057912,2167.12647665,4334.2529533,1.20395915369,1.7,0.35,0.35,0.933661324368,615.37266,1673.74225195,615.37266,1562.70840761,600.656573939,1435.77398211,0.00139249378765,420.512072604,81.139594471,55.0081609547,420.44788292,840.895765841,ok
fan_ab,1.7,43000.0,1.0,1.0,4111.288480532801,1.988141066796722,6000.0,6000.0,1476.711544181887,1218.4274861228557,0.0,0.0,258.28405805903105,0.174904881780499,0.5479166482980706,209.22887100936637,183.5491883032816,248.12767221147794,246.00070145028278,OD_mode2,True,,5,1e-06,1e-06,ok,10672.346540236189,10672.346540236189,0.40172014522653954,685.4942350204484,1645.4020932585402,967.8835842697296,0.09917977593460277,0.01562611592778122,0.022799398530793116,0.03842551445857434,0.14405338292485034,0.001416999533409946,0.03984251399198428,0.000506395351777579,389.81490775717083,338.8503386161387,False,1539.95308512,1269.24243848,1603.61666679,1321.7145043,1666.29282032,1371.60897311,2809.1955236,2925.33117109,3037.90179343,5618.39104719,5850.66234218,6075.80358685,3037.90179343,0.958932813246,0.95996434502,0.962385870741,0.963623401574,0.9603,0.97,0.99,3037.90179343,2265.36297724,30.2515014494,3253.75134691,2247.74217933,4495.48435866,1.24874565518,1.7,0.35,0.35,0.933661324368,615.37266,1673.74225195,615.37266,1562.70840761,600.656573939,1435.77398211,0.00139249378765,420.512072604,81.139594471,55.0081609547,420.44788292,840.895765841,ok
fan_ab,1.8599999999999999,46500.0,0.35,0.35,2648.8087355955086,1.4242671126164235,4228.379239238935,4228.379239238935,548.5757047264198,287.46193874548163,0.0,0.0,261.1137659809381,0.4759849255649376,0.6561614886720791,209.22887100936637,183.5491883032816,180.00000001868858,246.0007014737193,OD_mode2,True,,50,1e-06,1e-06,ok,10340.101477484339,10340.101477484339,0.3892140356885597,693.1666507317443,1797.8509665976085,966.58654118151,0.09808199018521603,0.015224982672159116,0.021541111015285223,0.03676609368744434,0.14644306593277215,0.0014087935409093032,0.03817488722835364,0.0004289041801990448,388.7708401382209,286.2290647687365,False,572.548997926,303.588598166,596.218887771,316.139329549,624.826704635,340.83160003,876.137596092,912.358217319,965.658304664,1752.27519218,1824.71643464,1931.31660933,965.658304664,0.958128835634,0.946879891018,0.954214798036,0.927552872214,0.9603,0.97,0.99,965.658304664,720.091273781,21.8607225924,1050.98056327,1412.26835983,2824.53671966,0.784593533239,1.86,0.35,0.35,0.91881652037,659.7980424,1805.45027098,659.7980424,1658.87753569,644.019563104,1524.13156136,0.00137865886673,435.426524713,81.139594471,56.3932456182,420.44788292,840.895765841,ok
fan_ab,1.8599999999999999,46500.0,0.5,0.5,3081.1845261671,1.6063834801177694,4762.203155904599,4762.203155904599,828.4394272095309,494.4445682813297,0.0,0.0,333.99485892820115,0.40316147198982405,0.6262373949895248,209.22887100936637,183.5491883032816,191.3736818878897,246.00069860181736,OD_mode2,True,,6,1e-06,1e-06,ok,10340.101477484339,10340.101477484339,0.3892140356885597,693.1666507317443,1797.8509665976085,966.58654118151,0.09808199018521603,0.015224982672159116,0.021541111015285223,0.03676609368744434,0.14644306593277215,0.0014087935409093032,0.03817488722835364,0.0004289041801990448,388.7708401382209,286.2290647687365,False,863.783425535,517.268075805,899.493309939,538.652583365,935.009155987,566.264489179,1381.05150134,1438.1458933,1501.27364517,2762.10300268,2876.29178661,3002.54729033,1501.27364517,0.95908233791,0.955876829459,0.96201550988,0.951238500133,0.9603,0.97,0.99,1501.27364517,1119.49956441,24.7471114854,1633.92103977,1527.4687107,3054.9374214,0.848593728166,1.86,0.35,0.35,0.91881652037,659.7980424,1805.45027098,659.7980424,1658.87753569,644.019563104,1524.13156136,0.00137865886673,435.426524713,81.139594471,56.3932456182,420.44788292,840.895765841,ok
fan_ab,1.8599999999999999,46500.0,0.7,0.7,3661.287751804923,1.847962296425804,5327.424010455604,5327.424010455604,1218.3061701612628,830.6434010921784,0.0,0.0,387.6627690690844,0.31819814966361937,0.5946003685273553,209.22887100936637,183.5491883032816,222.63959423070068,246.00069720386088,OD_mode2,True,,6,1e-06,1e-06,ok,10340.101477484339,10340.101477484339,0.3892140356885597,693.1666507317443,1797.8509665976085,966.58654118151,0.09808199018521603,0.015224982672159116,0.021541111015285223,0.03676609368744434,0.14644306593277215,0.0014087935409093032,0.03817488722835364,0.0004289041801990448,388.7708401382209,286.2290647687365,False,1271.2701281,865.621694774,1323.82602114,901.407575523,1373.80663432,936.975990391,2136.89182288,2225.23359666,2310.78262471,4273.78364575,4450.46719333,4621.56524942,2310.78262471,0.95833776255,0.959591708603,0.963618887891,0.962039139494,0.9603,0.97,0.99,2310.78262471,1723.1503065,29.1063746759,2514.95545866,1815.31347623,3630.62695246,1.00850748679,1.86,0.35,0.35,0.91881652037,659.7980424,1805.45027098,659.7980424,1658.87753569,644.019563104,1524.13156136,0.00137865886673,435.426524713,81.139594471,56.3932456182,420.44788292,840.895765841,ok
fan_ab,1.8599999999999999,46500.0,0.85,0.85,3970.8221227127333,1.974008674598731,5683.6094231154575,5683.6094231154575,1448.7706921180068,1063.1232152026676,0.0,0.0,385.6474769153391,0.26618945221175616,0.5767642844690627,209.22887100936637,183.5491883032816,239.3474808671889,246.00068086441706,OD_mode2,True,,5,1e-06,1e-06,ok,10340.101477484339,10340.101477484339,0.3892140356885597,693.1666507317443,1797.8509665976085,966.58654118151,0.09808199018521603,0.015224982672159116,0.021541111015285223,0.03676609368744434,0.14644306593277215,0.0014087935409093032,0.03817488722835364,0.0004289041801990448,388.7708401382209,286.2290647687365,False,1512.38783158,1107.46870101,1574.91183128,1153.25283871,1636.16753181,1196.73466273,2619.85653259,2728.16466999,2832.90219454,5239.71306519,5456.32933998,5665.80438908,2832.90219454,0.95793596184,0.959957797659,0.96256147409,0.963666278441,0.9603,0.97,0.99,2832.90219454,2112.49480267,31.9131208965,3083.20825185,2019.00769549,4038.01539099,1.12167094194,1.86,0.35,0.35,0.91881652037,659.7980424,1805.45027098,659.7980424,1658.87753569,644.019563104,1524.13156136,0.00137865886673,435.426524713,81.139594471,56.3932456182,420.44788292,840.895765841,ok
fan_ab,1.8599999999999999,46500.0,1.0,1.0,4084.203516669756,2.017626874857089,6000.0,6000.0,1542.9999477844106,1205.998593390901,0.0,0.0,337.0013543935094,0.2184065883329476,0.5612952952403946,209.22887100936637,183.5491883032816,245.48952101445119,246.00070145012103,OD_mode2,True,,5,1e-06,1e-06,ok,10340.101477484339,10340.101477484339,0.3892140356885597,693.1666507317443,1797.8509665976085,966.58654118151,0.09808199018521603,0.015224982672159116,0.021541111015285223,0.03676609368744434,0.14644306593277215,0.0014087935409093032,0.03817488722835364,0.0004289041801990448,388.7708401382209,286.2290647687365,False,1609.81484367,1256.27562966,1676.36659759,1308.21163142,1742.76491402,1357.55861077,2866.09047333,2984.57822902,3100.32352479,5732.18094665,5969.15645804,6200.64704959,3100.32352479,0.958495291463,0.959979295086,0.961900589176,0.963650203421,0.9603,0.97,0.99,3100.32352479,2311.9108543,33.3530089527,3374.25748702,2127.65581026,4255.31162051,1.1820310057,1.86,0.35,0.35,0.91881652037,659.7980424,1805.45027098,659.7980424,1658.87753569,644.019563104,1524.13156136,0.00137865886673,435.426524713,81.139594471,56.3932456182,420.44788292,840.895765841,ok
fan_ab,2.02,49999.99999999999,0.35,0.35,2620.106525547258,1.4377608610108998,4228.379239238935,4228.379239238935,539.0287748772165,246.72850883394148,0.0,0.0,292.3002660432751,0.5422721006125455,0.6859990814610913,209.22887100936637,183.5491883032816,180.00000001757945,246.00070147037533,OD_mode2,True,,50,1e-06,1e-06,ok,9903.034995953578,9903.034995953578,0.37276232005393006,690.9008539982432,1951.8469875203289,966.260884911054,0.09840364828086157,0.01483917761182555,0.020408830614627945,0.03524800822645349,0.14800401364433058,0.0014331640084913853,0.03668117223494488,0.00036270553816408914,388.50891980542934,241.88834918083782,False,562.628850145,262.073045572,585.888628705,272.907472219,614.310390744,297.20229491,824.701895717,858.796100924,911.512685653,1649.40379143,1717.59220185,1823.02537131,911.512685653,0.958053919094,0.941449389791,0.953733873842,0.918254929025,0.9603,0.97,0.99,911.512685653,679.714892637,22.6051409816,1009.46295187,1204.74381527,2409.48763054,0.669302119596,2.02,0.35,0.35,0.902967942962,708.2167176,1955.1074181,708.2167176,1765.3993236,691.280349048,1622.0008829,0.00136687970927,451.120389968,81.139594471,57.9266141566,420.44788292,840.895765841,ok
fan_ab,2.02,49999.99999999999,0.5,0.5,3019.515726895888,1.6130696100291009,4762.203155904599,4762.203155904599,818.7005893547368,439.94605524807315,0.0,0.0,378.7545341066637,0.46262887682196624,0.6504610272195128,209.22887100936637,183.5491883032816,186.6505861022767,246.00069775640213,OD_mode2,True,,6,1e-06,1e-06,ok,9903.034995953578,9903.034995953578,0.37276232005393006,690.9008539982432,1951.8469875203289,966.260884911054,0.09840364828086157,0.01483917761182555,0.020408830614627945,0.03524800822645349,0.14800401364433058,0.0014331640084913853,0.03668117223494488,0.00036270553816408914,388.50891980542934,241.88834918083782,False,853.590021142,461.326540833,888.878497492,480.398355549,924.104902567,507.103607831,1314.91656198,1369.27685304,1431.2085104,2629.83312395,2738.55370608,2862.4170208,1431.2085104,0.959126242197,0.953654334419,0.961880512725,0.947337680367,0.9603,0.97,0.99,1431.2085104,1067.25200241,25.9982552483,1584.99811395,1345.30352528,2690.60705056,0.747390847377,2.02,0.35,0.35,0.902967942962,708.2167176,1955.1074181,708.2167176,1765.3993236,691.280349048,1622.0008829,0.00136687970927,451.120389968,81.139594471,57.9266141566,420.44788292,840.895765841,ok
fan_ab,2.02,49999.99999999999,0.7,0.7,3536.5100824452443,1.837131437908125,5327.424010455604,5327.424010455604,1199.5213118386891,746.9516392175948,0.0,0.0,452.56967262109436,0.37729189815508307,0.6162537790148843,209.22887100936637,183.5491883032816,214.9301442951542,246.00069662448655,OD_mode2,True,,6,1e-06,1e-06,ok,9903.034995953578,9903.034995953578,0.37276232005393006,690.9008539982432,1951.8469875203289,966.260884911054,0.09840364828086157,0.01483917761182555,0.020408830614627945,0.03524800822645349,0.14800401364433058,0.0014331640084913853,0.03668117223494488,0.00036270553816408914,388.50891980542934,241.88834918083782,False,1251.45684069,778.94028969,1303.19362771,811.142653015,1352.33864077,844.355420875,2030.39713038,2114.33628072,2196.69406165,4060.79426076,4228.67256145,4393.3881233,2196.69406165,0.958499944096,0.95893311606,0.963659240679,0.960664943887,0.9603,0.97,0.99,2196.69406165,1638.07447968,30.9853459786,2432.74866792,1639.42021542,3278.84043083,0.910789008564,2.02,0.35,0.35,0.902967942962,708.2167176,1955.1074181,708.2167176,1765.3993236,691.280349048,1622.0008829,0.00136687970927,451.120389968,81.139594471,57.9266141566,420.44788292,840.895765841,ok
fan_ab,2.02,49999.99999999999,0.85,0.85,3878.6625679481376,1.9826951479573678,5683.6094231154575,5683.6094231154575,1475.8157893753655,998.0804633890857,0.0,0.0,477.73532598627975,0.32370932024550286,0.5965552466988935,209.22887100936637,183.5491883032816,233.67005724856574,246.00069989614792,OD_mode2,True,,6,1e-06,1e-06,ok,9903.034995953578,9903.034995953578,0.37276232005393006,690.9008539982432,1951.8469875203289,966.260884911054,0.09840364828086157,0.01483917761182555,0.020408830614627945,0.03524800822645349,0.14800401364433058,0.0014331640084913853,0.03668117223494488,0.00036270553816408914,388.50891980542934,241.88834918083782,False,1541.00647762,1039.75880184,1604.71360785,1082.74372784,1667.44458307,1123.8093906,2580.76527946,2687.45733569,2791.25397367,5161.53055892,5374.91467137,5582.50794734,2791.25397367,0.957696032309,0.959915378086,0.962378974475,0.96345851609,0.9603,0.97,0.99,2791.25397367,2081.43772972,34.8623794297,3091.19940953,1885.4304246,3770.8608492,1.047461347,2.02,0.35,0.35,0.902967942962,708.2167176,1955.1074181,708.2167176,1765.3993236,691.280349048,1622.0008829,0.00136687970927,451.120389968,81.139594471,57.9266141566,420.44788292,840.895765841,ok
fan_ab,2.02,49999.99999999999,1.0,1.0,4042.101469697715,2.049501837017833,6000.0,6000.0,1635.162283022519,1163.0238628550378,0.0,0.0,472.1384201674812,0.28874101675997316,0.5843650842998886,209.22887100936637,183.5491883032816,242.645671343149,246.0006903136738,OD_mode2,True,,5,1e-06,1e-06,ok,9903.034995953578,9903.034995953578,0.37276232005393006,690.9008539982432,1951.8469875203289,966.260884911054,0.09840364828086157,0.01483917761182555,0.020408830614627945,0.03524800822645349,0.14800401364433058,0.0014331640084913853,0.03668117223494488,0.00036270553816408914,388.50891980542934,241.88834918083782,False,1707.20598671,1211.48347836,1777.78401198,1261.56771671,1849.66542872,1309.06851905,2918.68946506,3039.35172869,3158.73394777,5837.37893013,6078.70345739,6317.46789555,3158.73394777,0.957800227832,0.959999771876,0.961138152,0.963714044264,0.9603,0.97,0.99,3158.73394777,2355.46749922,37.2569934002,3498.16842406,2045.82892863,4091.65785726,1.13657162702,2.02,0.35,0.35,0.902967942962,708.2167176,1955.1074181,708.2167176,1765.3993236,691.280349048,1622.0008829,0.00136687970927,451.120389968,81.139594471,57.9266141566,420.44788292,840.895765841,ok
ramjet,2.51,59999.99999999999,1.0,0.0,8457.968301283807,5.6648482559030215,0.0,0.0,0.0,0.0,0.0,0.0,0.0,0.0,0.0,0.0,0.0,1052.5867385133092,839.4216265992983,OD_mode3,True,,5,1e-06,1e-06,ok,8457.968292353291,8457.968292353291,0.3183682461880062,659.9724928584228,2430.5775832788704,968.3576028999486,0.10301514891829683,0.013686702710196983,0.01743086736373515,0.031117570073932132,0.15823248083506664,0.00167918221798231,0.03279675229191444,0.00022342761691008435,390.1968230603747,149.6512510818248,False,0,0,0,0,0,0,0,0,0,0,0,0,0,0,0,0,0,0.9603,0.97,0.99,0,0,,,,,,2.51,0.35,0.35,0.849178193413,881.3399994,2599.28699009,881.3399994,2207.25783041,860.263542606,2027.96846122,0.00137329266434,503.246902399,81.139594471,64.9231527319,420.44788292,840.895765841,no_generator_load
ramjet,3.0,69999.99999999999,1.0,0.0,6819.205477809945,5.059541881172316,0.0,0.0,0.0,0.0,0.0,0.0,0.0,0.0,0.0,0.0,0.0,853.274118637789,606.0705867128463,OD_mode3,True,,5,1e-06,1e-06,ok,6819.205770092288,6819.205770092288,0.2566832253772098,583.350039596053,2915.0341489048774,971.6780496349592,0.11654608728726316,0.012691928979318399,0.014907687165108803,0.0275996161444272,0.17049334254081466,0.0023158094455613316,0.029915425589988533,0.0001373004412501923,392.87733918916774,92.59524438032588,False,0,0,0,0,0,0,0,0,0,0,0,0,0,0,0,0,0,0.9603,0.97,0.99,0,0,,,,,,3,0.35,0.35,0.788815905902,1098.64944,3404.53920188,1098.64944,2685.55467471,1072.37622255,2467.41459296,0.00134038134485,561.874004049,81.139594471,70.7493908395,420.44788292,840.895765841,no_generator_load
ramjet,3.0,74999.99999999999,1.0,0.0,5713.854471606965,4.253993843438694,0.0,0.0,0.0,0.0,0.0,0.0,0.0,0.0,0.0,0.0,0.0,914.0367066998061,647.2103377303564,OD_mode3,True,,1,1e-06,1e-06,ok,5713.854485355343,5713.854485355343,0.21507645436796924,459.6612050589262,2921.230309387359,973.7434364624529,0.14790711916850674,0.013156969795027285,0.014907687165108803,0.02806465696013609,0.17126501420102994,0.003746681806407042,0.03181133876654313,0.000107729898342648,394.54930466951697,72.9620960410994,False,0,0,0,0,0,0,0,0,0,0,0,0,0,0,0,0,0,0.9603,0.97,0.99,0,0,,,,,,3,0.35,0.35,0.788815905902,1106.3304,2683.43099287,1106.3304,2116.73304957,1079.87349927,1944.79675469,0.00104914317426,563.834690839,81.139594471,55.5701978852,420.44788292,840.895765841,no_generator_load
ramjet,3.0,79999.99999999999,1.0,0.0,4978.250455311577,3.719258520850861,0.0,0.0,0.0,0.0,0.0,0.0,0.0,0.0,0.0,0.0,0.0,1016.3065492789467,717.441159997094,OD_mode3,True,,1,1e-06,1e-06,ok,4978.250468074846,4978.250468074846,0.18738742163865837,362.8546979578669,2928.632146440998,976.2107154803326,0.1873674642120367,0.013644583314017572,0.014907687165108803,0.028552270479126375,0.18680367137036216,0.006558035538540784,0.03511030601766716,8.461222096661496e-05,396.55126220562926,57.59598380283603,False,0,0,0,0,0,0,0,0,0,0,0,0,0,0,0,0,0,0.9603,0.97,0.99,0,0,,,,,,3,0.35,0.35,0.788815905902,1114.01136,2118.54504656,1114.01136,1671.1420301,1087.37077599,1535.39984526,0.000822578317173,565.788583095,81.139594471,43.7206719454,420.44788292,840.895765841,no_generator_load
fan_ab,1.9,44999.99999999999,0.35,0.35,2963.0198098143724,1.6003686558177326,4228.379239238935,4228.379239238935,611.9904964902628,311.5198879986303,0.0,0.0,300.47060849163245,0.4909726706784133,0.6626785218327159,209.22887101158906,183.5491883052299,180.0000000179725,246.0007014478064,OD_mode2,True,,50,1e-06,1e-06,ok,11324.407660366769,11324.407660366769,0.4262645213754835,777.5026631778661,1837.3159791101707,967.0084100579846,0.0874429990450552,0.014888809969840372,0.02124788607766611,0.03613669604750648,0.14871968765414723,0.001137152088070829,0.03727384813557731,0.00046064268175998537,389.11027401585636,307.6781413446246,False,638.609170945,328.164511964,665.010070754,341.731242282,694.939028865,366.684672751,966.773682909,1006.74131304,1061.62370162,1933.54736582,2013.48262607,2123.24740323,1061.62370162,0.958317738507,0.949279634579,0.956932972725,0.931948531468,0.9603,0.97,0.99,1061.62370162,791.652657964,22.0335465025,1160.32813487,1510.27519323,3020.55038646,0.839041774016,1.9,0.35,0.35,0.914943806136,671.52834,2063.87174575,671.52834,1888.32667043,655.469341142,1734.94318577,0.00154193581642,439.280113307,81.139594471,63.6301914585,420.44788292,840.895765841,ok
fan_ab,1.9,44999.99999999999,0.5,0.5,3437.317255019893,1.8021591614033954,4762.203155904599,4762.203155904599,924.8169352900532,539.734794235227,0.0,0.0,385.0821410548262,0.41638742367326104,0.6314675792229089,209.22887101158906,183.5491883052299,190.1761234243159,246.00069717536792,OD_mode2,True,,6,1e-06,1e-06,ok,11324.407660366769,11324.407660366769,0.4262645213754835,777.5026631778661,1837.3159791101707,967.0084100579846,0.0874429990450552,0.014888809969840372,0.02124788607766611,0.03613669604750648,0.14871968765414723,0.001137152088070829,0.03727384813557731,0.00046064268175998537,389.11027401585636,307.6781413446246,False,964.949228914,563.885574465,1004.84143384,587.197307576,1043.41959267,615.64246197,1528.83480338,1592.03874141,1659.06205464,3057.66960676,3184.07748283,3318.12410928,1659.06205464,0.958409942802,0.957170778393,0.963027185706,0.953795983625,0.9603,0.97,0.99,1659.06205464,1237.16236109,25.0601273329,1813.2939341,1651.75053757,3303.50107514,0.917639187539,1.9,0.35,0.35,0.914943806136,671.52834,2063.87174575,671.52834,1888.32667043,655.469341142,1734.94318577,0.00154193581642,439.280113307,81.139594471,63.6301914585,420.44788292,840.895765841,ok
fan_ab,1.9,44999.99999999999,0.7,0.7,4073.1611958546964,2.0696817552274736,5327.424010455604,5327.424010455604,1358.1005858252443,911.0021422322812,0.0,0.0,447.09844359296295,0.32920863760712205,0.5985187752992795,209.22887101158906,183.5491883052299,220.85979061821365,246.00069836462046,OD_mode2,True,,6,1e-06,1e-06,ok,11324.407660366769,11324.407660366769,0.4262645213754835,777.5026631778661,1837.3159791101707,967.0084100579846,0.0874429990450552,0.014888809969840372,0.02124788607766611,0.03613669604750648,0.14871968765414723,0.001137152088070829,0.03727384813557731,0.00046064268175998537,389.11027401585636,307.6781413446246,False,1419.21994572,949.149521852,1477.8922688,988.388547175,1534.54758378,1026.46566338,2368.36946758,2466.28081597,2561.01324715,4736.73893515,4932.56163194,5122.02649431,2561.01324715,0.956934539933,0.959808882856,0.963080118479,0.962904637184,0.9603,0.97,0.99,2561.01324715,1909.74724952,29.6238923271,2799.09348371,1979.09682092,3958.19364183,1.09949823384,1.9,0.35,0.35,0.914943806136,671.52834,2063.87174575,671.52834,1888.32667043,655.469341142,1734.94318577,0.00154193581642,439.280113307,81.139594471,63.6301914585,420.44788292,840.895765841,ok
fan_ab,1.9,44999.99999999999,0.85,0.85,4434.649694561027,2.2184235193227595,5683.6094231154575,5683.6094231154575,1634.015839803052,1181.1242977994852,0.0,0.0,452.89154200356666,0.27716471956486893,0.5804385429972349,209.22887101158906,183.5491883052299,238.3301136084954,246.00070145281794,OD_mode2,True,,5,1e-06,1e-06,ok,11324.407660366769,11324.407660366769,0.4262645213754835,777.5026631778661,1837.3159791101707,967.0084100579846,0.0874429990450552,0.014888809969840372,0.02124788607766611,0.03613669604750648,0.14871968765414723,0.001137152088070829,0.03727384813557731,0.00046064268175998537,389.11027401585636,307.6781413446246,False,1708.99400357,1230.73824667,1779.64594769,1281.61850117,1851.63125019,1329.90436581,2939.73225024,3061.26444886,3181.53561599,5879.46450048,6122.52889772,6363.07123199,3181.53561599,0.956127310215,0.959687651695,0.961123305468,0.963692227894,0.9603,0.97,0.99,3181.53561599,2372.47070028,32.7602456828,3477.30165817,2225.4615184,4450.9230368,1.23636751022,1.9,0.35,0.35,0.914943806136,671.52834,2063.87174575,671.52834,1888.32667043,655.469341142,1734.94318577,0.00154193581642,439.280113307,81.139594471,63.6301914585,420.44788292,840.895765841,ok
fan_ab,1.9,44999.99999999999,1.0,1.0,4568.71674420863,2.270581164790638,6000.0,6000.0,1750.5594982104178,1346.7177960435781,0.0,0.0,403.8417021668398,0.23069293136262078,0.565193016930715,209.22887101158906,183.5491883052299,244.8326420245827,246.0007014526196,OD_mode2,True,,5,1e-06,1e-06,ok,11324.407660366769,11324.407660366769,0.4262645213754835,777.5026631778661,1837.3159791101707,967.0084100579846,0.0874429990450552,0.014888809969840372,0.02124788607766611,0.03613669604750648,0.14871968765414723,0.001137152088070829,0.03727384813557731,0.00046064268175998537,389.11027401585636,307.6781413446246,False,1829.57780889,1403.40735741,1905.21483796,1461.42596835,1984.47615751,1517.33109575,3232.9851663,3366.64080631,3501.80725326,6465.9703326,6733.28161262,7003.61450652,3501.80725326,0.956810631229,0.959605768729,0.960059323844,0.963155617413,0.9603,0.97,0.99,3501.80725326,2611.29721906,34.381866544,3827.34680295,2357.49450617,4714.98901234,1.30971917009,1.9,0.35,0.35,0.914943806136,671.52834,2063.87174575,671.52834,1888.32667043,655.469341142,1734.94318577,0.00154193581642,439.280113307,81.139594471,63.6301914585,420.44788292,840.895765841,ok
fan,0.8,9999.999999999998,0.35,0.35,260.12772979023464,0.0,3618.787898915322,3415.825695431853,498.4211329582542,324.39910176215164,202.96220348346878,0.05608568646543327,174.02203119610255,0.34914657443041835,0.6057472968292006,209.22887101158906,183.5491883052299,180.00000000509084,118.27707931192886,OD_mode1,True,,50,1e-06,1e-06,ok,4826.8881977857145,4826.8881977857145,0.18168996110613872,651.939265258998,862.7912420996037,1078.4890526245044,0.10428450663541569,0.0174541877494187,0.0,0.0174541877494187,0.1373080216238244,0.0014932602051428397,0.01894744795456154,0.0017515626562947966,483.9981235250665,1455.2215742388348,False,521.192947543,340.035194821,542.739714197,354.092673978,570.419045208,379.179160936,861.228142365,896.832388175,949.598206145,1722.45628473,1793.66477635,1899.19641229,949.598206145,0.956308283348,0.954016250972,0.951475443809,0.933840016693,0.9603,0.97,0.99,949.598206145,708.115260377,,,,,,0.8,0.35,0.35,0.98,544.8334752,2218.41979813,544.8334752,2174.05140216,531.804270571,1997.4592981,0.00218806157655,395.677414845,81.139594471,81.3310149822,420.44788292,840.895765841,"Required power 722.567 kW is outside available range [935.943, 9359.812] kW at M=0.35, h=9999.999999999998 ft."
fan,0.8,9999.999999999998,0.5,0.5,435.611509517185,0.0,4075.6522009283526,3847.0664494449315,754.7590216337011,226.69560234351206,228.58575148342106,0.056085686465433375,528.063419290189,0.6996450577658259,0.7690208015681269,209.22887101158906,183.5491883052299,187.90916225870018,117.9999977293111,OD_mode1,True,,6,1e-06,1e-06,ok,4826.8881977857145,4826.8881977857145,0.18168996110613872,651.939265258998,862.7912420996037,1078.4890526245044,0.10428450663541569,0.0174541877494187,0.0,0.0174541877494187,0.1373080216238244,0.0014932602051428397,0.01894744795456154,0.0017515626562947966,483.9981235250665,1455.2215742388348,False,789.257172482,240.40843507,821.886048612,250.347219692,855.366022872,274.456391062,1029.66560755,1072.2332683,1129.82241393,2059.3312151,2144.46653661,2259.64482787,1129.82241393,0.956290354968,0.942960267917,0.960858891556,0.912156640709,0.9603,0.97,0.99,1129.82241393,842.508428981,,,,,,0.8,0.35,0.35,0.98,544.8334752,2218.41979813,544.8334752,2174.05140216,531.804270571,1997.4592981,0.00218806157655,395.677414845,81.139594471,81.3310149822,420.44788292,840.895765841,"Required power 859.702 kW is outside available range [935.943, 9359.812] kW at M=0.35, h=9999.999999999998 ft."
fan,0.8,9999.999999999998,0.7,0.7,716.5129316956466,0.0,4559.387048948254,4303.670696446386,1111.4990085809761,439.31657423422234,255.71635250186864,0.05608568646543323,672.1824343467537,0.6047530669459731,0.7167190095957573,209.22887101158906,183.5491883052299,213.19878692962132,117.99999999998792,OD_mode1,True,,6,1e-06,1e-06,ok,4826.8881977857145,4826.8881977857145,0.18168996110613872,651.939265258998,862.7912420996037,1078.4890526245044,0.10428450663541569,0.0174541877494187,0.0,0.0174541877494187,0.1373080216238244,0.0014932602051428397,0.01894744795456154,0.0017515626562947966,483.9981235250665,1455.2215742388348,False,1164.48956394,459.527097047,1212.63101525,478.524520511,1258.26975497,505.202292334,1624.01666099,1691.15553576,1763.47204731,3248.03332198,3382.31107152,3526.94409461,1763.47204731,0.954494606904,0.956018866043,0.963728970244,0.947193882079,0.9603,0.97,0.99,1763.47204731,1315.02087922,21.4425399131,1799.46127175,2208.50233656,4417.00467311,1.22694574253,0.8,0.35,0.35,0.98,544.8334752,2218.41979813,544.8334752,2174.05140216,531.804270571,1997.4592981,0.00218806157655,395.677414845,81.139594471,81.3310149822,420.44788292,840.895765841,ok
fan,0.8,9999.999999999998,0.85,0.85,936.576341510453,0.0,4864.222397949646,4591.409145640104,1399.3185894672877,625.8743097118562,272.8132523095419,0.056085686465433285,773.4442797554314,0.5527292251937259,0.6909557060142087,209.22887101158906,183.5491883052299,232.59613275570365,117.99999905215536,OD_mode1,True,,5,1e-06,1e-06,ok,4826.8881977857145,4826.8881977857145,0.18168996110613872,651.939265258998,862.7912420996037,1078.4890526245044,0.10428450663541569,0.0174541877494187,0.0,0.0174541877494187,0.1373080216238244,0.0014932602051428397,0.01894744795456154,0.0017515626562947966,483.9981235250665,1455.2215742388348,False,1468.97841152,652.782155176,1529.70781164,679.768983834,1588.78163648,710.000055428,2121.7605667,2209.47679548,2298.78169191,4243.52113339,4418.95359095,4597.56338383,2298.78169191,0.952579410625,0.958779747193,0.962818159849,0.957421029248,0.9603,0.97,0.99,2298.78169191,1714.20121246,22.8929815407,2345.69560268,2446.62979159,4893.25958318,1.35923877311,0.8,0.35,0.35,0.98,544.8334752,2218.41979813,544.8334752,2174.05140216,531.804270571,1997.4592981,0.00218806157655,395.677414845,81.139594471,81.3310149822,420.44788292,840.895765841,ok
fan,0.8,9999.999999999998,1.0,1.0,1125.9846543893248,0.0,5135.0,4847.0,1641.5048125685948,831.9188278399995,288.0,0.0560856864654333,809.5859847285953,0.4931974481766952,0.663656959427067,209.22887101158906,183.5491883052299,248.6531343587873,117.99999791517114,OD_mode1,True,,5,1e-06,1e-06,ok,4826.8881977857145,4826.8881977857145,0.18168996110613872,651.939265258998,862.7912420996037,1078.4890526245044,0.10428450663541569,0.0174541877494187,0.0,0.0174541877494187,0.1373080216238244,0.0014932602051428397,0.01894744795456154,0.0017515626562947966,483.9981235250665,1455.2215742388348,False,1725.28536969,867.227070249,1796.61081922,903.079319222,1869.54803807,938.693735717,2592.51243994,2699.69013844,2808.24177378,5185.02487988,5399.38027688,5616.48354756,2808.24177378,0.951439594518,0.959286046734,0.960986710497,0.962059599271,0.9603,0.97,0.99,2808.24177378,2094.10553008,24.2753965999,2865.55282878,2669.16338669,5338.32677339,1.48286854816,0.8,0.35,0.35,0.98,544.8334752,2218.41979813,544.8334752,2174.05140216,531.804270571,1997.4592981,0.00218806157655,395.677414845,81.139594471,81.3310149822,420.44788292,840.895765841,ok
fan,0.525,5750.0,0.35,0.35,378.0734043488823,0.0,3618.787898915322,3415.825695431853,483.4917160123122,141.47982523987028,202.96220348346878,0.05608568646543327,342.011890772442,0.7073790086689563,0.7736219717198584,209.22887101158906,183.5491883052299,180.00000000674737,118.00000012842442,OD_mode1,True,,50,1e-06,1e-06,ok,3252.4468836817814,3252.4468836817814,0.12242606904941597,330.28520649664983,574.8342003063423,1094.9222862977947,0.20584380800742774,0.018780154218249967,0.0,0.018780154218249967,0.1515279793073438,0.006420494034262106,0.025200648252512073,0.00199909723685308,498.860120034352,1711.876677663232,False,505.544139303,152.422202548,526.443964702,158.723526552,553.857447715,182.231349393,657.966341851,685.167491254,736.088797108,1315.9326837,1370.33498251,1472.17759422,736.088797108,0.956378837026,0.928210082751,0.950504442747,0.871000116503,0.9603,0.97,0.99,736.088797108,548.901321477,,,,,,0.525,0.35,0.35,0.98,525.625902473,2065.6171292,525.625902473,2024.30478662,513.056029744,1859.87618057,0.00211179938065,388.640225391,81.139594471,77.1002521425,420.44788292,840.895765841,"Required power 560.103 kW is outside available range [788.333, 7883.257] kW at M=0.35, h=5750.0 ft."
fan,0.525,5750.0,0.5,0.5,596.324067064316,0.0,4075.6522009283526,3847.0664494449315,734.5167200061935,250.76036321374977,228.58575148342106,0.056085686465433375,483.75635679244374,0.658604962441651,0.7454925447019938,209.22887101158906,183.5491883052299,191.35883175118116,118.00000000000722,OD_mode1,True,,7,1e-06,1e-06,ok,3252.4468836817814,3252.4468836817814,0.12242606904941597,330.28520649664983,574.8342003063423,1094.9222862977947,0.20584380800742774,0.018780154218249967,0.0,0.018780154218249967,0.1515279793073438,0.006420494034262106,0.025200648252512073,0.00199909723685308,498.860120034352,1711.876677663232,False,767.848554349,264.972116206,799.592371498,275.92639405,832.521820014,300.247190309,1032.82067056,1075.51876555,1132.76901032,2065.64134111,2151.0375311,2265.53802065,1132.76901032,0.956590613925,0.94636509986,0.960446143603,0.918997422644,0.9603,0.97,0.99,1132.76901032,844.70570553,20.3105427457,1155.88674458,1825.60591479,3651.21182958,1.01422550822,0.525,0.35,0.35,0.98,525.625902473,2065.6171292,525.625902473,2024.30478662,513.056029744,1859.87618057,0.00211179938065,388.640225391,81.139594471,77.1002521425,420.44788292,840.895765841,ok
fan,0.525,5750.0,0.7,0.7,912.6162156588447,0.0,4559.387048948254,4303.670696446386,1085.453421301616,443.62087891540494,255.71635250186864,0.05608568646543323,641.8325423862109,0.591303624633253,0.7098761787753269,209.22887101158906,183.5491883052299,218.26041480823676,118.00000000068347,OD_mode1,True,,6,1e-06,1e-06,ok,3252.4468836817814,3252.4468836817814,0.12242606904941597,330.28520649664983,574.8342003063423,1094.9222862977947,0.20584380800742774,0.018780154218249967,0.0,0.018780154218249967,0.1515279793073438,0.006420494034262106,0.025200648252512073,0.00199909723685308,498.860120034352,1711.876677663232,False,1136.67501863,463.963267027,1183.66658193,483.144087293,1228.23918814,509.889795917,1600.63828565,1666.81066922,1738.12898406,3201.27657131,3333.62133844,3476.25796811,1738.12898406,0.954937342262,0.956155175297,0.963710157889,0.947546099494,0.9603,0.97,0.99,1738.12898406,1296.1225602,22.2546305975,1773.60100315,2117.74415215,4235.48830429,1.17652452897,0.525,0.35,0.35,0.98,525.625902473,2065.6171292,525.625902473,2024.30478662,513.056029744,1859.87618057,0.00211179938065,388.640225391,81.139594471,77.1002521425,420.44788292,840.895765841,ok
fan,0.525,5750.0,0.85,0.85,1171.6703129222155,0.0,4864.222397949646,4591.409145640104,1362.083107676866,631.312411953565,272.8132523095419,0.056085686465433285,730.770695723301,0.5365096238288167,0.6832979678460358,209.22887101158906,183.5491883052299,238.3799751065749,117.99999898137993,OD_mode1,True,,5,1e-06,1e-06,ok,3252.4468836817814,3252.4468836817814,0.12242606904941597,330.28520649664983,574.8342003063423,1094.9222862977947,0.20584380800742774,0.018780154218249967,0.0,0.018780154218249967,0.1515279793073438,0.006420494034262106,0.025200648252512073,0.00199909723685308,498.860120034352,1711.876677663232,False,1428.95015848,658.4286733,1488.02474069,685.648936061,1545.14608136,716.002211692,2087.37883178,2173.67367675,2261.14829306,4174.75766356,4347.3473535,4522.29658611,2261.14829306,0.953205470179,0.958816706432,0.963031753847,0.95760728789,0.9603,0.97,0.99,2261.14829306,1686.13799176,23.9391707096,2307.29741902,2360.48264752,4720.96529505,1.31137924862,0.525,0.35,0.35,0.98,525.625902473,2065.6171292,525.625902473,2024.30478662,513.056029744,1859.87618057,0.00211179938065,388.640225391,81.139594471,77.1002521425,420.44788292,840.895765841,ok
fan,0.525,5750.0,1.0,1.0,1364.394459748933,0.0,5135.0,4847.0,1551.5886173129486,829.5741905845445,288.0,0.0560856864654333,722.0144267284041,0.46533882671735083,0.6516096304573824,209.22887101158906,183.5491883052299,252.76664056273933,118.00000323071879,OD_mode1,True,,5,1e-06,1e-06,ok,3252.4468836817814,3252.4468836817814,0.12242606904941597,330.28520649664983,574.8342003063423,1094.9222862977947,0.20584380800742774,0.018780154218249967,0.0,0.018780154218249967,0.1515279793073438,0.006420494034262106,0.025200648252512073,0.00199909723685308,498.860120034352,1711.876677663232,False,1628.37165202,864.775870643,1695.69056756,900.526783967,1763.10712912,936.070996782,2493.14752267,2596.21735152,2699.1781259,4986.29504533,5192.43470304,5398.35625179,2699.1781259,0.952846738265,0.959293868789,0.961762640257,0.962028293861,0.9603,0.97,0.99,2699.1781259,2012.77678186,25.3514728674,2754.26339223,2557.91454255,5115.82908509,1.42106363475,0.525,0.35,0.35,0.98,525.625902473,2065.6171292,525.625902473,2024.30478662,513.056029744,1859.87618057,0.00211179938065,388.640225391,81.139594471,77.1002521425,420.44788292,840.895765841,ok
fan,0.25,1500.0,0.35,0.35,644.0520711165101,0.0,3618.787898915322,3415.825695431853,499.1276025398997,189.312943005072,202.96220348346878,0.05608568646543327,309.81465953482774,0.6207123347983174,0.7250119211743822,209.22887101158906,183.5491883052299,180.00000000715158,118.00000010112173,OD_mode1,True,,50,1e-06,1e-06,ok,7650.343026504085,7650.343026504085,0.28796824578862024,87.67390340285324,277.71344566771995,1110.8537826708798,0.7754549757114778,0.02091598279887869,0.0,0.02091598279887869,0.33657107595133684,0.2023904262448127,0.2233064090436914,0.002273560543104714,513.4829080914114,2003.97493492236,False,521.934001264,201.126823419,543.511404003,209.441657211,571.203521777,233.252142835,723.060824684,752.953061214,804.455664611,1446.12164937,1505.90612243,1608.91132922,804.455664611,0.956304056319,0.941261537305,0.951519700567,0.897919541769,0.9603,0.97,0.99,804.455664611,599.882485794,,,,,,0.25,0.35,0.35,0.98,519.7372695,2093.0479805,519.7372695,2051.18702089,507.308218155,1884.57484627,0.00216408798713,386.457108533,81.139594471,78.5654505258,420.44788292,840.895765841,"Required power 612.125 kW is outside available range [660.380, 6605.387] kW at M=0.35, h=1500.0 ft."
fan,0.25,1500.0,0.5,0.5,912.7335976581785,0.0,4075.6522009283526,3847.0664494449315,756.7407266199956,299.2889809616487,228.58575148342106,0.056085686465433375,457.45174565834697,0.6045026117486347,0.7165903773227801,209.22887101158906,183.5491883052299,190.973838464642,118.00001369028035,OD_mode1,True,,6,1e-06,1e-06,ok,7650.343026504085,7650.343026504085,0.28796824578862024,87.67390340285324,277.71344566771995,1110.8537826708798,0.7754549757114778,0.02091598279887869,0.0,0.02091598279887869,0.33657107595133684,0.2023904262448127,0.2233064090436914,0.002273560543104714,513.4829080914114,2003.97493492236,False,791.354762807,314.659820443,824.070355938,327.668249966,857.605091722,352.475784247,1106.01458325,1151.7386059,1210.08087597,2212.0291665,2303.47721181,2420.16175194,1210.08087597,0.95625977398,0.951150930362,0.96089722868,0.929619181261,0.9603,0.97,0.99,1210.08087597,902.357153814,21.3105850013,1234.77640336,1801.24999985,3602.4999997,1.00069444436,0.25,0.35,0.35,0.98,519.7372695,2093.0479805,519.7372695,2051.18702089,507.308218155,1884.57484627,0.00216408798713,386.457108533,81.139594471,78.5654505258,420.44788292,840.895765841,ok
fan,0.25,1500.0,0.7,0.7,1282.842262030076,0.0,4559.387048948254,4303.670696446386,1116.1877653615004,478.3444220871444,255.71635250186864,0.05608568646543323,637.843343274356,0.5714480691049121,0.7000095539918033,209.22887101158906,183.5491883052299,219.79359023599946,118.0000000006352,OD_mode1,True,,6,1e-06,1e-06,ok,7650.343026504085,7650.343026504085,0.28796824578862024,87.67390340285324,277.71344566771995,1110.8537826708798,0.7754549757114778,0.02091598279887869,0.0,0.02091598279887869,0.33657107595133684,0.2023904262448127,0.2233064090436914,0.002273560543104714,513.4829080914114,2003.97493492236,False,1169.50122557,499.797611015,1217.84986521,520.459867766,1263.68354285,547.777723967,1669.29883658,1738.30973298,1811.46126682,3338.59767316,3476.61946596,3622.92253364,1811.46126682,0.95441350634,0.957076247554,0.963730098491,0.950129669379,0.9603,0.97,0.99,1811.46126682,1350.80643404,23.6200007189,1848.42986307,2100.05754759,4200.11509518,1.16669863755,0.25,0.35,0.35,0.98,519.7372695,2093.0479805,519.7372695,2051.18702089,507.308218155,1884.57484627,0.00216408798713,386.457108533,81.139594471,78.5654505258,420.44788292,840.895765841,ok
fan,0.25,1500.0,0.85,0.85,1579.1980921861336,0.0,4864.222397949646,4591.409145640104,1399.098269576011,657.4967104210035,272.8132523095419,0.056085686465433285,741.6015591550075,0.5300568053591731,0.6802983976835546,209.22887101158906,183.5491883052299,240.19431768125378,118.00000453323558,OD_mode1,True,,6,1e-06,1e-06,ok,7650.343026504085,7650.343026504085,0.28796824578862024,87.67390340285324,277.71344566771995,1110.8537826708798,0.7754549757114778,0.02091598279887869,0.0,0.02091598279887869,0.33657107595133684,0.2023904262448127,0.2233064090436914,0.002273560543104714,513.4829080914114,2003.97493492236,False,1468.74134548,685.641729708,1529.460945,713.98701417,1588.52303866,744.943984541,2154.38307519,2243.44795917,2333.4670232,4308.76615038,4486.89591834,4666.9340464,2333.4670232,0.95258315828,0.95895083676,0.962819491929,0.958443895094,0.9603,0.97,0.99,2333.4670232,1740.06605954,25.6288951551,2381.08879785,2348.53480689,4697.06961378,1.30474155938,0.25,0.35,0.35,0.98,519.7372695,2093.0479805,519.7372695,2051.18702089,507.308218155,1884.57484627,0.00216408798713,386.457108533,81.139594471,78.5654505258,420.44788292,840.895765841,ok
fan,0.25,1500.0,1.0,1.0,1799.4868706677282,0.0,5135.0,4847.0,1578.8067999909545,858.0688446555006,288.0,0.0560856864654333,720.7379553354538,0.4565080131017824,0.6478815623847763,209.22887101158906,183.5491883052299,254.0385399307956,117.99999999999865,OD_mode1,True,,6,1e-06,1e-06,ok,7650.343026504085,7650.343026504085,0.28796824578862024,87.67390340285324,277.71344566771995,1110.8537826708798,0.7754549757114778,0.02091598279887869,0.0,0.02091598279887869,0.33657107595133684,0.2023904262448127,0.2233064090436914,0.002273560543104714,513.4829080914114,2003.97493492236,False,1657.66643577,894.585972418,1726.19643421,931.569272538,1795.24580339,967.980973038,2552.25240819,2657.76570675,2763.22677643,5104.50481638,5315.5314135,5526.45355286,2763.22677643,0.952427319465,0.959179856505,0.961537651808,0.962383867541,0.9603,0.97,0.99,2763.22677643,2060.53785234,27.2797218419,2819.61915804,2548.19928065,5096.39856131,1.41566626703,0.25,0.35,0.35,0.98,519.7372695,2093.0479805,519.7372695,2051.18702089,507.308218155,1884.57484627,0.00216408798713,386.457108533,81.139594471,78.5654505258,420.44788292,840.895765841,ok
fan,0.2,1500.0,0.35,0.35,693.2316930822061,0.0,3618.787898915322,3415.825695431853,494.0002428293512,192.5748517047259,202.96220348346878,0.05608568646543327,301.4253911246253,0.6101725565927516,0.7195137819040598,209.22887101158906,183.5491883052299,180.00000001273403,118.00000020059453,OD_mode1,True,,50,1e-06,1e-06,ok,12892.984177611788,12892.984177611788,0.4853076553227309,56.111298177826086,222.170756534176,1110.8537826708798,1.2116483995491838,0.021650922209640485,0.0,0.021650922209640485,0.3857873905611882,0.5663713216511134,0.5880222438607539,0.002273560543104714,513.4829080914114,2003.97493492236,False,516.556751867,204.457342815,537.911852408,212.909864433,565.511592043,236.743780543,721.014094682,750.821716841,802.255372586,1442.02818936,1501.64343368,1604.51074517,802.255372586,0.956332950917,0.941882786177,0.951195094807,0.899326115112,0.9603,0.97,0.99,802.255372586,598.241728314,,,,,,0.2,0.35,0.35,0.98,517.42732608,2060.66993531,517.42732608,2019.4565366,505.053514963,1855.42174032,0.00214012265705,385.597358617,81.139594471,77.5225600185,420.44788292,840.895765841,"Required power 610.451 kW is outside available range [660.380, 6605.387] kW at M=0.35, h=1500.0 ft."
fan,0.2,1500.0,0.5,0.5,971.5917121613577,0.0,4075.6522009283526,3847.0664494449315,749.3844293374719,301.5953210482741,228.58575148342106,0.056085686465433375,447.78910828919777,0.5975425839646635,0.713034127500955,209.22887101158906,183.5491883052299,191.17473515115051,118.00001420468612,OD_mode1,True,,6,1e-06,1e-06,ok,12892.984177611788,12892.984177611788,0.4853076553227309,56.111298177826086,222.170756534176,1110.8537826708798,1.2116483995491838,0.021650922209640485,0.0,0.021650922209640485,0.3857873905611882,0.5663713216511134,0.5880222438607539,0.002273560543104714,513.4829080914114,2003.97493492236,False,783.56981659,317.026337521,815.963570333,330.132601813,849.295803725,354.965281577,1100.59615411,1146.09617215,1204.2610853,2201.19230822,2292.19234429,2408.5221706,1204.2610853,0.956372251037,0.95132575863,0.960753093037,0.930041947616,0.9603,0.97,0.99,1204.2610853,898.017336661,21.2882964644,1228.83784146,1798.26412121,3596.52824242,0.999035622895,0.2,0.35,0.35,0.98,517.42732608,2060.66993531,517.42732608,2019.4565366,505.053514963,1855.42174032,0.00214012265705,385.597358617,81.139594471,77.5225600185,420.44788292,840.895765841,ok
fan,0.2,1500.0,0.7,0.7,1349.2215993971076,0.0,4559.387048948254,4303.670696446386,1105.5299155149223,479.00899292719373,255.71635250186864,0.05608568646543323,626.5209225877285,0.566715485302733,0.6976981818653194,209.22887101158906,183.5491883052299,220.29654502009492,118.00000000070261,OD_mode1,True,,6,1e-06,1e-06,ok,12892.984177611788,12892.984177611788,0.4853076553227309,56.111298177826086,222.170756534176,1110.8537826708798,1.2116483995491838,0.021650922209640485,0.0,0.021650922209640485,0.3857873905611882,0.5663713216511134,0.5880222438607539,0.002273560543104714,513.4829080914114,2003.97493492236,False,1158.11135868,500.484257386,1205.98912702,521.174900954,1251.38102978,548.50412709,1658.59561606,1727.16402797,1799.88515687,3317.19123213,3454.32805595,3599.77031374,1799.88515687,0.954597247693,0.957091029054,0.963726553559,0.950174985409,0.9603,0.97,0.99,1799.88515687,1342.17413034,23.5754947701,1836.61750598,2094.38578263,4188.77156527,1.16354765702,0.2,0.35,0.35,0.98,517.42732608,2060.66993531,517.42732608,2019.4565366,505.053514963,1855.42174032,0.00214012265705,385.597358617,81.139594471,77.5225600185,420.44788292,840.895765841,ok
fan,0.2,1500.0,0.85,0.85,1650.4612041896821,0.0,4864.222397949646,4591.409145640104,1384.846990081341,654.9855190460215,272.8132523095419,0.056085686465433285,729.8614710353194,0.5270340162218571,0.6789023039316971,209.22887101158906,183.5491883052299,240.90610922128243,118.00000458518154,OD_mode1,True,,6,1e-06,1e-06,ok,12892.984177611788,12892.984177611788,0.4853076553227309,56.111298177826086,222.170756534176,1110.8537826708798,1.2116483995491838,0.021650922209640485,0.0,0.021650922209640485,0.3857873905611882,0.5663713216511134,0.5880222438607539,0.002273560543104714,513.4829080914114,2003.97493492236,False,1453.41245168,683.030063591,1513.4983356,711.267378518,1571.80612519,742.165351591,2136.44251527,2224.76571412,2313.97147678,4272.88503054,4449.53142824,4627.94295356,2313.97147678,0.952824498291,0.958940980727,0.96290395574,0.958367804416,0.9603,0.97,0.99,2313.97147678,1725.52823308,25.5538510177,2361.19538315,2339.31835251,4678.63670501,1.29962130695,0.2,0.35,0.35,0.98,517.42732608,2060.66993531,517.42732608,2019.4565366,505.053514963,1855.42174032,0.00214012265705,385.597358617,81.139594471,77.5225600185,420.44788292,840.895765841,ok
fan,0.2,1500.0,1.0,1.0,1868.967779466312,0.0,5135.0,4847.0,1556.867036918682,851.5885210878756,288.0,0.0560856864654333,705.2785158308064,0.45301139988593925,0.6464171745843953,209.22887101158906,183.5491883052299,254.53659269912464,118.00000129966155,OD_mode1,True,,6,1e-06,1e-06,ok,12892.984177611788,12892.984177611788,0.4853076553227309,56.111298177826086,222.170756534176,1110.8537826708798,1.2116483995491838,0.021650922209640485,0.0,0.021650922209640485,0.3857873905611882,0.5663713216511134,0.5880222438607539,0.002273560543104714,513.4829080914114,2003.97493492236,False,1634.0499642,887.802584133,1701.60362824,924.505450518,1769.33425564,960.717123792,2521.85254833,2626.10907876,2730.05137943,5043.70509667,5252.21815752,5460.10275886,2730.05137943,0.952765870706,0.959209329087,0.961719710576,0.962307663331,0.9603,0.97,0.99,2730.05137943,2035.79896305,27.1523628532,2785.76671214,2532.8643454,5065.72869079,1.40714685855,0.2,0.35,0.35,0.98,517.42732608,2060.66993531,517.42732608,2019.4565366,505.053514963,1855.42174032,0.00214012265705,385.597358617,81.139594471,77.5225600185,420.44788292,840.895765841,ok
fan,0.1,750.0,0.35,0.35,821.1911267795889,0.0,3618.787898915322,3415.825695431853,497.4942510048288,200.70663909032154,202.96220348346878,0.05608568646543327,296.7876119145073,0.5965649076648859,0.7125374058704375,209.22887101158906,183.5491883052299,180.00000001281975,118.0000001388017,OD_mode1,True,,50,1e-06,1e-06,ok,49017.95554340571,49017.95554340571,1.845095654021858,14.416329499806565,111.36508844414182,1113.6508844414182,4.7159829854542545,0.024002582781938127,0.0,0.024002582781938127,0.3901638396802327,8.677437128120735,8.701439710902672,0.0023248051669976346,516.0720376635943,2059.47564282951,True,520.220765793,212.765276598,541.72734124,221.561258563,569.389924503,245.455149735,732.986042391,763.288599803,814.845074239,1465.97208478,1526.57719961,1629.69014848,814.845074239,0.956313710866,0.943324222351,0.951417153566,0.902654757101,0.9603,0.97,0.99,814.845074239,607.629867219,,,,,,0.1,0.35,0.35,0.98,517.02737076,2073.93928171,517.02737076,2032.46049608,504.663124217,1867.3694246,0.00215556981504,385.448302391,81.139594471,78.0519255351,420.44788292,840.895765841,"Required power 620.030 kW is outside available range [716.678, 7168.142] kW at M=0.35, h=750.0 ft."
fan,0.1,750.0,0.5,0.5,1125.5749513060923,0.0,4075.6522009283526,3847.0664494449315,755.8379732003579,311.2788516019098,228.58575148342106,0.056085686465433375,444.559121598448,0.5881672228190685,0.7082991811514278,209.22887101158906,183.5491883052299,190.63827150576773,118.00001634939524,OD_mode1,True,,6,1e-06,1e-06,ok,49017.95554340571,49017.95554340571,1.845095654021858,14.416329499806565,111.36508844414182,1113.6508844414182,4.7159829854542545,0.024002582781938127,0.0,0.024002582781938127,0.3901638396802327,8.677437128120735,8.701439710902672,0.0023248051669976346,516.0720376635943,2059.47564282951,True,790.399180856,326.967572169,823.075269037,340.484819503,856.585039366,365.425083691,1117.36675302,1163.56008854,1222.01012306,2234.73350605,2327.12017708,2444.02024611,1222.01012306,0.956273730423,0.95201750295,0.960879809022,0.931749993908,0.9603,0.97,0.99,1222.01012306,911.252791836,20.9886585804,1246.94910446,1808.63609454,3617.27218908,1.0047978303,0.1,0.35,0.35,0.98,517.02737076,2073.93928171,517.02737076,2032.46049608,504.663124217,1867.3694246,0.00215556981504,385.448302391,81.139594471,78.0519255351,420.44788292,840.895765841,ok
fan,0.1,750.0,0.7,0.7,1531.2226850228274,0.0,4559.387048948254,4303.670696446386,1114.2710148935512,489.3049609096809,255.71635250186864,0.05608568646543323,624.9660539838702,0.5608743704453039,0.6948663684833593,209.22887101158906,183.5491883052299,220.1905911854146,118.00000000072573,OD_mode1,True,,6,1e-06,1e-06,ok,49017.95554340571,49017.95554340571,1.845095654021858,14.416329499806565,111.36508844414182,1113.6508844414182,4.7159829854542545,0.024002582781938127,0.0,0.024002582781938127,0.3901638396802327,8.677437128120735,8.701439710902672,0.0023248051669976346,516.0720376635943,2059.47564282951,True,1167.45230826,511.126149575,1215.71624311,532.256742242,1261.47011937,559.764141373,1678.57845783,1747.97298535,1821.23426075,3357.15691567,3495.94597071,3642.4685215,1821.23426075,0.954446710166,0.957307626143,0.963729718555,0.950858947372,0.9603,0.97,0.99,1821.23426075,1358.09415436,23.1075401757,1858.40230584,2107.64710868,4215.29421736,1.17091506038,0.1,0.35,0.35,0.98,517.02737076,2073.93928171,517.02737076,2032.46049608,504.663124217,1867.3694246,0.00215556981504,385.448302391,81.139594471,78.0519255351,420.44788292,840.895765841,ok
fan,0.1,750.0,0.85,0.85,1851.3122852729155,0.0,4864.222397949646,4591.409145640104,1395.1734239102434,663.5962135609794,272.8132523095419,0.056085686465433285,731.577210349264,0.5243629199149145,0.6776734018789632,209.22887101158906,183.5491883052299,240.99257283614622,118.0000046298302,OD_mode1,True,,6,1e-06,1e-06,ok,49017.95554340571,49017.95554340571,1.845095654021858,14.416329499806565,111.36508844414182,1113.6508844414182,4.7159829854542545,0.024002582781938127,0.0,0.024002582781938127,0.3901638396802327,8.677437128120735,8.701439710902672,0.0023248051669976346,516.0720376635943,2059.47564282951,True,1464.51862073,691.986879858,1525.06364754,720.594480743,1583.91711531,751.695726125,2156.50550059,2245.65812828,2335.61284144,4313.01100117,4491.31625656,4671.22568288,2335.61284144,0.952649836037,0.958972247707,0.962843088688,0.958625219885,0.9603,0.97,0.99,2335.61284144,1741.66619593,24.9308768151,2383.2784083,2352.64868349,4705.29736698,1.30702704638,0.1,0.35,0.35,0.98,517.02737076,2073.93928171,517.02737076,2032.46049608,504.663124217,1867.3694246,0.00215556981504,385.448302391,81.139594471,78.0519255351,420.44788292,840.895765841,ok
fan,0.1,750.0,1.0,1.0,2080.5026540504387,0.0,5135.0,4847.0,1567.317199992278,858.3267048152621,288.0,0.0560856864654333,708.9904951770159,0.45235928960679367,0.6461448017517786,209.22887101158906,183.5491883052299,254.6231127595515,118.00000227967556,OD_mode1,True,,6,1e-06,1e-06,ok,49017.95554340571,49017.95554340571,1.845095654021858,14.416329499806565,111.36508844414182,1113.6508844414182,4.7159829854542545,0.024002582781938127,0.0,0.024002582781938127,0.3901638396802327,8.677437128120735,8.701439710902672,0.0023248051669976346,516.0720376635943,2059.47564282951,True,1645.29583661,894.85593943,1713.31441905,931.850400323,1781.67049574,968.270093618,2540.15177604,2645.16481937,2749.94058936,5080.30355209,5290.32963874,5499.88117871,2749.94058936,0.952605096977,0.959178642053,0.961633715745,0.962386844812,0.9603,0.97,0.99,2749.94058936,2050.63034434,26.3994560425,2806.0618243,2544.3584924,5088.71698481,1.41353249578,0.1,0.35,0.35,0.98,517.02737076,2073.93928171,517.02737076,2032.46049608,504.663124217,1867.3694246,0.00215556981504,385.448302391,81.139594471,78.0519255351,420.44788292,840.895765841,ok
fan,0.225,4999.999999999999,0.35,0.35,607.6796282739945,0.0,3618.787898915322,3415.825695431853,450.1459138186608,172.8440183453844,202.96220348346878,0.05608568646543327,277.30189547327643,0.6160266859269686,0.7225572847622339,209.22887101158906,183.5491883052299,180.00000000733408,118.00000000533154,OD_mode1,True,,50,1e-06,1e-06,ok,11679.801091126019,11679.801091126019,0.43964196372885034,62.396450108019174,246.99503072770017,1097.7556921231119,1.0895998813408827,0.0215701977535105,0.0,0.0215701977535105,0.38532082442764976,0.4574636337579175,0.479033831511428,0.002045565759516215,501.44533006940344,1760.746387527878,False,470.670528671,184.329390477,490.1286355,191.949797435,516.978270425,215.647450172,654.999919148,682.078432935,732.625720598,1309.9998383,1364.15686587,1465.2514412,732.625720598,0.956392819176,0.93769104264,0.9480642873,0.890109283841,0.9603,0.97,0.99,732.625720598,546.318905767,,,,,,0.225,0.35,0.35,0.98,505.9101969,1823.98569313,505.9101969,1787.50597927,493.811807613,1642.31187687,0.00193743698141,381.281809765,81.139594471,69.3951409874,420.44788292,840.895765841,"Required power 557.468 kW is outside available range [762.284, 7622.689] kW at M=0.35, h=4999.999999999999 ft."
fan,0.225,4999.999999999999,0.5,0.5,856.1825271258323,0.0,4075.6522009283526,3847.0664494449315,680.7145792141368,273.7436061427908,228.58575148342106,0.056085686465433375,406.9709730713461,0.5978584644700589,0.7131947629110414,209.22887101158906,183.5491883052299,193.80316317428932,118.00000000032263,OD_mode1,True,,6,1e-06,1e-06,ok,11679.801091126019,11679.801091126019,0.43964196372885034,62.396450108019174,246.99503072770017,1097.7556921231119,1.0895998813408827,0.0215701977535105,0.0,0.0215701977535105,0.38532082442764976,0.4574636337579175,0.479033831511428,0.002045565759516215,501.44533006940344,1760.746387527878,False,711.100578707,288.478810525,740.498363748,300.404884438,772.042257339,324.946151493,999.579389233,1040.90324819,1096.98840883,1999.15877847,2081.80649637,2193.97681766,1096.98840883,0.957269055316,0.94892101657,0.959142270658,0.924475895644,0.9603,0.97,0.99,1096.98840883,818.024115594,20.3160093934,1119.37592675,1792.45210675,3584.90421349,0.99580672597,0.225,0.35,0.35,0.98,505.9101969,1823.98569313,505.9101969,1787.50597927,493.811807613,1642.31187687,0.00193743698141,381.281809765,81.139594471,69.3951409874,420.44788292,840.895765841,ok
fan,0.225,4999.999999999999,0.7,0.7,1200.326484835081,0.0,4559.387048948254,4303.670696446386,1006.405393921304,438.6932740135649,255.71635250186864,0.05608568646543323,567.7121199077391,0.5640988445975393,0.6964267674258648,209.22887101158906,183.5491883052299,223.6882747615457,118.00000000001431,OD_mode1,True,,7,1e-06,1e-06,ok,11679.801091126019,11679.801091126019,0.43964196372885034,62.396450108019174,246.99503072770017,1097.7556921231119,1.0895998813408827,0.0215701977535105,0.0,0.0215701977535105,0.38532082442764976,0.4574636337579175,0.479033831511428,0.002045565759516215,501.44533006940344,1760.746387527878,False,1052.51504675,458.884808169,1096.02733182,477.85567861,1137.53618895,504.523666992,1511.39985492,1573.88301043,1642.05985594,3022.79970983,3147.76602086,3284.11971188,1642.05985594,0.956190979913,0.955998686825,0.963509857943,0.947142244999,0.9603,0.97,0.99,1642.05985594,1224.48382371,22.1258807872,1675.57128063,2059.76109131,4119.52218263,1.1443117174,0.225,0.35,0.35,0.98,505.9101969,1823.98569313,505.9101969,1787.50597927,493.811807613,1642.31187687,0.00193743698141,381.281809765,81.139594471,69.3951409874,420.44788292,840.895765841,ok
fan,0.225,4999.999999999999,0.85,0.85,1472.0560489933555,0.0,4864.222397949646,4591.409145640104,1257.3878739682139,605.4460328911365,272.8132523095419,0.056085686465433285,651.9418410770772,0.5184890474723618,0.6749865725217071,209.22887101158906,183.5491883052299,244.5448638485901,118.00000493229372,OD_mode1,True,,6,1e-06,1e-06,ok,11679.801091126019,11679.801091126019,0.43964196372885034,62.396450108019174,246.99503072770017,1097.7556921231119,1.0895998813408827,0.0215701977535105,0.0,0.0215701977535105,0.38532082442764976,0.4574636337579175,0.479033831511428,0.002045565759516215,501.44533006940344,1760.746387527878,False,1316.80607351,631.587070691,1371.24447934,657.697668115,1423.19750542,687.479389766,1948.3931442,2028.94214746,2110.67689519,3896.78628841,4057.88429491,4221.35379037,2110.67689519,0.954877031069,0.958610555832,0.963495561311,0.95667983347,0.9603,0.97,0.99,2110.67689519,1573.93148969,23.6867580962,2153.75193266,2279.84643435,4559.6928687,1.26658135242,0.225,0.35,0.35,0.98,505.9101969,1823.98569313,505.9101969,1787.50597927,493.811807613,1642.31187687,0.00193743698141,381.281809765,81.139594471,69.3951409874,420.44788292,840.895765841,ok
fan,0.225,4999.999999999999,1.0,1.0,1643.7845763068576,0.0,5135.0,4847.0,1381.5477913820844,782.8504366045444,288.0,0.0560856864654333,598.69735477754,0.43335261980232337,0.6383057302108545,209.22887101158906,183.5491883052299,256.52874451824783,117.99999786446014,OD_mode1,True,,5,1e-06,1e-06,ok,11679.801091126019,11679.801091126019,0.43964196372885034,62.396450108019174,246.99503072770017,1097.7556921231119,1.0895998813408827,0.0215701977535105,0.0,0.0215701977535105,0.38532082442764976,0.4574636337579175,0.479033831511428,0.002045565759516215,501.44533006940344,1760.746387527878,False,1446.17511927,815.991264882,1505.96180284,849.725361743,1563.91636071,883.91427211,2262.16638415,2355.68716459,2447.83063282,4524.33276831,4711.37432918,4895.66126564,2447.83063282,0.955311547662,0.959385805089,0.962942674352,0.961321011047,0.9603,0.97,0.99,2447.83063282,1825.34698855,24.8106727651,2497.78635862,2434.51270165,4869.0254033,1.35250705647,0.225,0.35,0.35,0.98,505.9101969,1823.98569313,505.9101969,1787.50597927,493.811807613,1642.31187687,0.00193743698141,381.281809765,81.139594471,69.3951409874,420.44788292,840.895765841,ok
fan,0.45,9999.999999999998,0.35,0.35,381.60554326668023,0.0,3618.787898915322,3415.825695431853,413.98253716385994,133.30604445167575,202.96220348346878,0.05608568646543327,280.6764927121842,0.6779911409671094,0.756424583063343,209.22887101158906,183.5491883052299,180.0000000078833,118.00000009395843,OD_mode1,True,,50,1e-06,1e-06,ok,3291.319063384203,3291.319063384203,0.12388926532180608,206.27765814835476,485.320073681027,1078.4890526245044,0.329590539489709,0.01965754773389884,0.0,0.01965754773389884,0.19492954919918176,0.021175182060498923,0.04083272979439776,0.0017515626562947966,483.9981235250665,1455.2215742388348,False,432.973606514,144.124712666,450.873275553,150.083008087,477.157698549,173.546715681,577.098319179,600.95628364,650.70441423,1154.19663836,1201.91256728,1301.40882846,650.70441423,0.956138043834,0.924935370113,0.944914599354,0.864798895777,0.9603,0.97,0.99,650.70441423,485.230198129,,,,,,0.45,0.35,0.35,0.98,502.5702402,1672.28070778,502.5702402,1638.83509363,490.551722987,1505.71711072,0.00178810081869,380.021137887,81.139594471,63.8344538273,420.44788292,840.895765841,"Required power 495.133 kW is outside available range [935.943, 9359.812] kW at M=0.35, h=9999.999999999998 ft."
fan,0.45,9999.999999999998,0.5,0.5,578.7791727760691,0.0,4075.6522009283526,3847.0664494449315,627.2442208301567,227.47686146231624,228.58575148342106,0.056085686465433375,399.76735936784047,0.6373392469662758,0.7338583706719931,209.22887101158906,183.5491883052299,195.78835672081743,118.0000000002949,OD_mode1,True,,6,1e-06,1e-06,ok,3291.319063384203,3291.319063384203,0.12388926532180608,206.27765814835476,485.320073681027,1078.4890526245044,0.329590539489709,0.01965754773389884,0.0,0.01965754773389884,0.19492954919918176,0.021175182060498923,0.04083272979439776,0.0017515626562947966,483.9981235250665,1455.2215742388348,False,654.924464678,241.205101689,681.999859083,251.176821503,712.277171708,275.292556054,896.129566367,933.176680586,987.569727762,1792.25913273,1866.35336117,1975.13945552,987.569727762,0.957735211707,0.943084784979,0.9574922322,0.912399612626,0.9603,0.97,0.99,987.569727762,736.430619171,,,,,,0.45,0.35,0.35,0.98,502.5702402,1672.28070778,502.5702402,1638.83509363,490.551722987,1505.71711072,0.00178810081869,380.021137887,81.139594471,63.8344538273,420.44788292,840.895765841,"Required power 751.460 kW is outside available range [935.943, 9359.812] kW at M=0.35, h=9999.999999999998 ft."
fan,0.45,9999.999999999998,0.7,0.7,867.074048360384,0.0,4559.387048948254,4303.670696446386,929.9218721404129,395.3251984393023,255.71635250186864,0.05608568646543323,534.5966737011105,0.5748834280783424,0.7016969837432868,209.22887101158906,183.5491883052299,224.83993239067885,118.00000000001832,OD_mode1,True,,7,1e-06,1e-06,ok,3291.319063384203,3291.319063384203,0.12388926532180608,206.27765814835476,485.320073681027,1078.4890526245044,0.329590539489709,0.01965754773389884,0.0,0.01965754773389884,0.19492954919918176,0.021175182060498923,0.04083272979439776,0.0017515626562947966,483.9981235250665,1455.2215742388348,False,971.453171044,414.261733533,1011.61425705,431.3878304,1050.4011284,457.408734024,1385.71490458,1443.00208745,1507.80986242,2771.42980915,2886.0041749,3015.61972484,1507.80986242,0.957248274913,0.954288476195,0.963074229169,0.943112359498,0.9603,0.97,0.99,1507.80986242,1124.37362078,20.7511908845,1538.5814914,2092.19778201,4184.39556402,1.16233210112,0.45,0.35,0.35,0.98,502.5702402,1672.28070778,502.5702402,1638.83509363,490.551722987,1505.71711072,0.00178810081869,380.021137887,81.139594471,63.8344538273,420.44788292,840.895765841,ok
fan,0.45,9999.999999999998,0.85,0.85,1093.8433643120752,0.0,4864.222397949646,4591.409145640104,1157.201830894074,561.5449960680346,272.8132523095419,0.056085686465433285,595.6568348260394,0.5147389322447102,0.6732823082148942,209.22887101158906,183.5491883052299,245.36850512904672,118.00000044287462,OD_mode1,True,,6,1e-06,1e-06,ok,3291.319063384203,3291.319063384203,0.12388926532180608,206.27765814835476,485.320073681027,1078.4890526245044,0.329590539489709,0.01965754773389884,0.0,0.01965754773389884,0.19492954919918176,0.021175182060498923,0.04083272979439776,0.0017515626562947966,483.9981235250665,1455.2215742388348,False,1210.04951608,586.124231953,1260.07447264,610.355338907,1307.51732419,639.222975541,1796.17374803,1870.42981155,1946.74029973,3592.34749607,3740.8596231,3893.48059946,1946.74029973,0.956326014362,0.958064801718,0.963715317061,0.954839488351,0.9603,0.97,0.99,1946.74029973,1451.68399151,21.938124852,1986.46969249,2291.87380766,4583.74761533,1.27326322648,0.45,0.35,0.35,0.98,502.5702402,1672.28070778,502.5702402,1638.83509363,490.551722987,1505.71711072,0.00178810081869,380.021137887,81.139594471,63.8344538273,420.44788292,840.895765841,ok
fan,0.45,9999.999999999998,1.0,1.0,1228.4435686933205,0.0,5135.0,4847.0,1264.234754911993,725.142851779849,288.0,0.0560856864654333,539.0919031321439,0.42641756290719257,0.635492603646174,209.22887101158906,183.5491883052299,256.91529271943966,118.00000000023766,OD_mode1,True,,5,1e-06,1e-06,ok,3291.319063384203,3291.319063384203,0.12388926532180608,206.27765814835476,485.320073681027,1078.4890526245044,0.329590539489709,0.01965754773389884,0.0,0.01965754773389884,0.19492954919918176,0.021175182060498923,0.04083272979439776,0.0017515626562947966,483.9981235250665,1455.2215742388348,False,1321.29732246,755.903214435,1375.92140213,787.153196329,1428.07290354,819.782101012,2077.2005369,2163.07459846,2247.85500455,4154.4010738,4326.14919691,4495.71000909,2247.85500455,0.956813226985,0.959306479894,0.963481205141,0.960198076242,0.9603,0.97,0.99,2247.85500455,1676.22518823,22.754821943,2293.72959519,2424.29685587,4848.59371173,1.34683158659,0.45,0.35,0.35,0.98,502.5702402,1672.28070778,502.5702402,1638.83509363,490.551722987,1505.71711072,0.00178810081869,380.021137887,81.139594471,63.8344538273,420.44788292,840.895765841,ok
fan,0.35,5750.0,0.35,0.35,495.98655770197865,0.0,3618.787898915322,3415.825695431853,452.7773402235217,159.53128924358876,202.96220348346878,0.05608568646543327,293.246050979933,0.6476606157789759,0.7394593484948463,209.22887101158906,183.5491883052299,180.0000000031661,118.0000000850638,OD_mode1,True,,50,1e-06,1e-06,ok,4190.1031432269765,4190.1031432269765,0.15772059470382127,146.79342510962212,383.2228002042281,1094.9222862977947,0.46314856801671245,0.02016521671600741,0.0,0.02016521671600741,0.2465325162030113,0.052882850867811686,0.0730480675838191,0.00199909723685308,498.860120034352,1711.876677663232,False,473.41855317,170.772947592,492.990266761,177.832914289,519.882901807,201.445995487,644.191500762,670.82318105,721.328897294,1288.38300152,1341.6463621,1442.65779459,721.328897294,0.956399653523,0.934171901891,0.948271745517,0.88278207695,0.9603,0.97,0.99,721.328897294,537.894866081,,,,,,0.35,0.35,0.35,0.98,510.36961221,1863.27947258,510.36961221,1826.01388313,498.16458,1677.6918916,0.00196188154469,382.958553488,81.139594471,70.5797225345,420.44788292,840.895765841,"Required power 548.872 kW is outside available range [788.333, 7883.257] kW at M=0.35, h=5750.0 ft."
fan,0.35,5750.0,0.5,0.5,723.0645883512678,0.0,4075.6522009283526,3847.0664494449315,687.3109785267477,261.7020964547512,228.58575148342106,0.056085686465433375,425.6088820719965,0.6192377182513364,0.7242376281698194,209.22887101158906,183.5491883052299,193.57355084497448,118.00000000028997,OD_mode1,True,,6,1e-06,1e-06,ok,4190.1031432269765,4190.1031432269765,0.15772059470382127,146.79342510962212,383.2228002042281,1094.9222862977947,0.46314856801671245,0.02016521671600741,0.0,0.02016521671600741,0.2465325162030113,0.052882850867811686,0.0730480675838191,0.00199909723685308,498.860120034352,1711.876677663232,False,718.046104318,276.157330096,747.731026052,287.574018636,779.438763873,311.997529808,994.203434414,1035.30504469,1091.43629368,1988.40686883,2070.61008938,2182.87258736,1091.43629368,0.957196166644,0.947655803175,0.959319783297,0.921718895701,0.9603,0.97,0.99,1091.43629368,813.883904038,20.1778623596,1113.71050313,1805.54459362,3611.08918724,1.00308032979,0.35,0.35,0.35,0.98,510.36961221,1863.27947258,510.36961221,1826.01388313,498.16458,1677.6918916,0.00196188154469,382.958553488,81.139594471,70.5797225345,420.44788292,840.895765841,ok
fan,0.35,5750.0,0.7,0.7,1046.8850427223117,0.0,4559.387048948254,4303.670696446386,1016.6008068055008,432.29187549900075,255.71635250186864,0.05608568646543323,584.3089313065001,0.5747673299046395,0.701639824136989,209.22887101158906,183.5491883052299,222.5321484156163,118.00000000001569,OD_mode1,True,,7,1e-06,1e-06,ok,4190.1031432269765,4190.1031432269765,0.15772059470382127,146.79342510962212,383.2228002042281,1094.9222862977947,0.46314856801671245,0.02016521671600741,0.0,0.02016521671600741,0.2465325162030113,0.052882850867811686,0.0730480675838191,0.00199909723685308,498.860120034352,1711.876677663232,False,1063.34808378,452.289953213,1107.30822012,470.988184122,1149.19782121,497.556490371,1515.63803699,1578.29640424,1646.75431159,3031.27607398,3156.59280848,3293.50862317,1646.75431159,0.956037653441,0.955784828799,0.963548833521,0.946602432562,0.9603,0.97,0.99,1646.75431159,1227.98447868,21.96046661,1680.36205959,2075.07498506,4150.14997013,1.15281943615,0.35,0.35,0.35,0.98,510.36961221,1863.27947258,510.36961221,1826.01388313,498.16458,1677.6918916,0.00196188154469,382.958553488,81.139594471,70.5797225345,420.44788292,840.895765841,ok
fan,0.35,5750.0,0.85,0.85,1309.2696805481953,0.0,4864.222397949646,4591.409145640104,1272.5355178708342,606.6146308971662,272.8132523095419,0.056085686465433285,665.9208869736681,0.523302397160486,0.6771867158700053,209.22887101158906,183.5491883052299,243.20445462630116,118.00000084799493,OD_mode1,True,,6,1e-06,1e-06,ok,4190.1031432269765,4190.1031432269765,0.15772059470382127,146.79342510962212,383.2228002042281,1094.9222862977947,0.46314856801671245,0.02016521671600741,0.0,0.02016521671600741,0.2465325162030113,0.052882850867811686,0.0730480675838191,0.00199909723685308,498.860120034352,1711.876677663232,False,1332.99459884,632.798847754,1388.1022585,658.959541554,1440.77400351,688.766555518,1965.79344659,2047.06180005,2129.54055903,3931.58689318,4094.12360011,4259.08111805,2129.54055903,0.954644166586,0.958621579433,0.963442049287,0.956724068952,0.9603,0.97,0.99,2129.54055903,1587.9981214,23.5152809781,2173.00056922,2299.40107702,4598.80215404,1.27744504279,0.35,0.35,0.35,0.98,510.36961221,1863.27947258,510.36961221,1826.01388313,498.16458,1677.6918916,0.00196188154469,382.958553488,81.139594471,70.5797225345,420.44788292,840.895765841,ok
fan,0.35,5750.0,1.0,1.0,1482.850649654737,0.0,5135.0,4847.0,1412.8895525273806,788.5805572270192,288.0,0.0560856864654333,624.3089953003614,0.4418668070576329,0.6417936570054114,209.22887101158906,183.5491883052299,255.93049775031415,118.00000000009203,OD_mode1,True,,6,1e-06,1e-06,ok,4190.1031432269765,4190.1031432269765,0.15772059470382127,146.79342510962212,383.2228002042281,1094.9222862977947,0.46314856801671245,0.02016521671600741,0.0,0.02016521671600741,0.2465325162030113,0.052882850867811686,0.0730480675838191,0.00199909723685308,498.860120034352,1711.876677663232,False,1479.65146085,821.967699271,1540.82209814,855.948869386,1600.42615045,890.299529037,2301.61916012,2396.77096753,2490.72567949,4603.23832023,4793.54193506,4981.45135898,2490.72567949,0.954879976748,0.959381442758,0.962757386655,0.961416738377,0.9603,0.97,0.99,2490.72567949,1857.33381934,24.6793400957,2541.55681438,2464.08435164,4928.16870327,1.36893575091,0.35,0.35,0.35,0.98,510.36961221,1863.27947258,510.36961221,1826.01388313,498.16458,1677.6918916,0.00196188154469,382.958553488,81.139594471,70.5797225345,420.44788292,840.895765841,ok
